obs,wage,female,nonwhite,union,education,exper,age,wind,femalenonw,lnwage,education_exper,_Ifemale_1,_IfemXeduca_1,_IfemXexper_1,_Inonwhite_1,_InonXeduca_1
1,11.5500001907349,1,0,0,12,20,38,1,0,2.44668555259705,240,1,12,20,0,0
2,5,0,0,0,9,9,24,0,0,1.60943794250488,81,0,0,0,0,0
3,12,0,0,0,16,15,37,1,0,2.4849066734314,240,0,0,0,0,0
4,7,0,1,1,14,38,58,0,0,1.94591009616852,532,0,0,0,1,14
5,21.1499996185303,1,1,0,16,19,41,1,1,3.05163979530334,304,1,16,19,1,16
6,6.92000007629395,1,0,0,12,4,22,1,0,1.93441581726074,48,1,12,4,0,0
7,10,1,0,0,12,14,32,0,0,2.30258512496948,168,1,12,14,0,0
8,8,1,1,0,12,32,50,0,1,2.0794415473938,384,1,12,32,1,12
9,15.6300001144409,0,0,0,18,7,31,1,0,2.749192237854,126,0,0,0,0,0
10,18.2199993133545,1,0,0,18,5,29,1,0,2.90251994132996,90,1,18,5,0,0
11,20,0,0,0,20,31,57,1,0,2.99573230743408,620,0,0,0,0,0
12,4.34999990463257,1,0,0,12,7,25,0,0,1.47017586231232,84,1,12,7,0,0
13,5,0,0,0,5,31,42,0,0,1.60943794250488,155,0,0,0,0,0
14,8.25,0,1,0,12,14,32,0,0,2.11021327972412,168,0,0,0,1,12
15,15,0,0,1,12,15,33,0,0,2.70805025100708,180,0,0,0,0,0
16,19,1,1,1,14,26,46,0,1,2.94443893432617,364,1,14,26,1,14
17,18,0,1,1,14,23,43,0,0,2.89037179946899,322,0,0,0,1,14
18,7.07000017166138,0,0,1,16,4,26,0,0,1.95586049556732,64,0,0,0,0,0
19,8,0,0,0,14,16,36,0,0,2.0794415473938,224,0,0,0,0,0
20,25,0,0,0,14,27,47,1,0,3.21887588500977,378,0,0,0,0,0
21,17.2999992370605,1,0,0,12,44,62,1,0,2.85070633888245,528,1,12,44,0,0
22,16,1,0,0,12,38,56,0,0,2.7725887298584,456,1,12,38,0,0
23,5,1,0,0,12,19,37,0,0,1.60943794250488,228,1,12,19,0,0
24,8.25,0,0,0,12,13,31,0,0,2.11021327972412,156,0,0,0,0,0
25,8,1,0,1,12,14,32,0,0,2.0794415473938,168,1,12,14,0,0
26,13.6899995803833,1,1,0,12,20,38,0,1,2.61666560173035,240,1,12,20,1,12
27,19.8999996185303,0,0,0,12,26,44,1,0,2.99071979522705,312,0,0,0,0,0
28,22,1,1,1,12,17,35,0,1,3.09104251861572,204,1,12,17,1,12
29,6.5,1,0,0,12,1,19,0,0,1.8718022108078,12,1,12,1,0,0
30,12,1,1,0,12,19,37,0,1,2.4849066734314,228,1,12,19,1,12
31,13.3900003433228,0,0,0,12,34,52,0,0,2.59450817108154,408,0,0,0,0,0
32,36.8499984741211,0,0,0,20,21,47,1,0,3.60685563087463,420,0,0,0,0,0
33,27.4699993133545,0,0,0,16,25,47,0,0,3.3130943775177,400,0,0,0,0,0
34,6,0,1,0,12,2,20,0,0,1.7917594909668,24,0,0,0,1,12
35,21.5400009155273,1,0,1,18,19,43,1,0,3.06991171836853,342,1,18,19,0,0
36,12.4300003051758,0,0,0,12,7,25,1,0,2.52011299133301,84,0,0,0,0,0
37,19.7000007629395,0,0,0,12,33,51,1,0,2.98061871528625,396,0,0,0,0,0
38,7.5,1,0,0,12,11,29,1,0,2.01490306854248,132,1,12,11,0,0
39,25.9500007629395,0,0,0,18,12,36,1,0,3.25617170333862,216,0,0,0,0,0
40,25.9500007629395,1,0,0,16,13,35,1,0,3.25617170333862,208,1,16,13,0,0
41,11.5299997329712,1,0,0,18,29,53,1,0,2.44495224952698,522,1,18,29,0,0
42,5.5,1,0,0,12,2,20,0,0,1.70474803447723,24,1,12,2,0,0
43,9.61999988555908,0,0,0,12,10,28,1,0,2.26384425163269,120,0,0,0,0,0
44,5.25,1,1,0,12,3,21,0,1,1.65822803974152,36,1,12,3,1,12
45,11.5,0,0,0,12,9,27,0,0,2.44234704971313,108,0,0,0,0,0
46,17,0,0,0,16,30,52,0,0,2.83321332931519,480,0,0,0,0,0
47,11,0,0,1,12,30,48,0,0,2.39789533615112,360,0,0,0,0,0
48,13,1,0,0,12,29,47,0,0,2.56494927406311,348,1,12,29,0,0
49,7.32000017166138,0,0,0,12,2,20,0,0,1.99061036109924,24,0,0,0,0,0
50,5.5,0,0,0,12,6,24,0,0,1.70474803447723,72,0,0,0,0,0
51,11.5200004577637,0,0,0,12,33,51,1,0,2.44408464431763,396,0,0,0,0,0
52,15,0,0,0,12,37,55,1,0,2.70805025100708,444,0,0,0,0,0
53,13.5,0,0,1,12,16,34,0,0,2.60268974304199,192,0,0,0,0,0
54,6.75,1,0,0,11,12,29,0,0,1.90954256057739,132,1,11,12,0,0
55,12.5,0,0,0,12,12,30,1,0,2.52572870254517,144,0,0,0,0,0
56,7.09999990463257,0,0,0,9,28,43,0,0,1.96009480953217,252,0,0,0,0,0
57,6,0,1,0,11,35,52,0,0,1.7917594909668,385,0,0,0,1,11
58,14.4300003051758,0,0,0,16,9,31,1,0,2.66930937767029,144,0,0,0,0,0
59,13.7799997329712,1,0,0,16,2,24,1,0,2.62321829795837,32,1,16,2,0,0
60,5,1,1,0,12,7,25,0,1,1.60943794250488,84,1,12,7,1,12
61,4.48999977111816,1,1,1,10,31,47,0,1,1.50185263156891,310,1,10,31,1,10
62,10,0,0,0,5,42,53,0,0,2.30258512496948,210,0,0,0,0,0
63,5,1,0,0,12,37,55,0,0,1.60943794250488,444,1,12,37,0,0
64,17.6800003051758,1,0,1,16,33,55,1,0,2.87243413925171,528,1,16,33,0,0
65,4.38000011444092,1,1,0,12,23,41,1,1,1.47704875469208,276,1,12,23,1,12
66,6.88000011444092,1,0,0,12,12,30,1,0,1.92861866950989,144,1,12,12,0,0
67,12.5,1,0,0,12,25,43,0,0,2.52572870254517,300,1,12,25,0,0
68,13.8999996185303,1,0,0,16,8,30,1,0,2.63188886642456,128,1,16,8,0,0
69,7,0,0,0,12,41,59,0,0,1.94591009616852,492,0,0,0,0,0
70,12,0,0,1,11,32,49,0,0,2.4849066734314,352,0,0,0,0,0
71,9,0,0,0,12,15,33,0,0,2.19722461700439,180,0,0,0,0,0
72,6.5,0,0,0,11,6,23,0,0,1.8718022108078,66,0,0,0,0,0
73,16,0,0,1,12,42,60,0,0,2.7725887298584,504,0,0,0,0,0
74,2.13000011444092,1,0,0,12,12,30,0,0,0.756122052669525,144,1,12,12,0,0
75,9.61999988555908,0,1,0,12,21,39,1,0,2.26384425163269,252,0,0,0,1,12
76,20.2000007629395,1,0,0,18,21,45,1,0,3.00568270683289,378,1,18,21,0,0
77,14.4300003051758,1,0,0,20,2,28,1,0,2.66930937767029,40,1,20,2,0,0
78,35.8300018310547,0,0,0,20,20,46,1,0,3.57878565788269,400,0,0,0,0,0
79,16.6700000762939,1,0,0,14,11,31,0,0,2.81361079216003,154,1,14,11,0,0
80,23.0799999237061,0,0,1,18,25,49,1,0,3.13896632194519,450,0,0,0,0,0
81,4.25,0,0,0,14,7,27,0,0,1.44691896438599,98,0,0,0,0,0
82,5.5,1,0,0,12,25,43,0,0,1.70474803447723,300,1,12,25,0,0
83,15.5900001525879,0,0,0,12,36,54,0,0,2.74662971496582,432,0,0,0,0,0
84,6.94000005722046,1,1,0,14,26,46,1,1,1.93730175495148,364,1,14,26,1,14
85,25,1,0,0,14,30,50,0,0,3.21887588500977,420,1,14,30,0,0
86,5,0,0,0,12,3,21,0,0,1.60943794250488,36,0,0,0,0,0
87,15.6800003051758,1,0,1,16,21,43,1,0,2.75238609313965,336,1,16,21,0,0
88,9.52999973297119,1,1,0,12,19,37,1,1,2.25444459915161,228,1,12,19,1,12
89,11,0,0,0,12,7,25,0,0,2.39789533615112,84,0,0,0,0,0
90,4.25,1,0,0,12,0,18,0,0,1.44691896438599,0,1,12,0,0,0
91,4,1,1,0,12,34,52,0,1,1.3862943649292,408,1,12,34,1,12
92,8.25,0,0,0,12,15,33,0,0,2.11021327972412,180,0,0,0,0,0
93,22,0,0,1,12,15,33,0,0,3.09104251861572,180,0,0,0,0,0
94,5.15000009536743,1,0,0,12,1,19,0,0,1.63899672031403,12,1,12,1,0,0
95,4.69999980926514,0,0,0,16,1,23,0,0,1.54756247997284,16,0,0,0,0,0
96,8,0,0,0,1,26,33,0,0,2.0794415473938,26,0,0,0,0,0
97,12,0,1,1,11,32,49,0,0,2.4849066734314,352,0,0,0,1,11
98,2,1,0,0,5,14,25,1,0,0.6931471824646,70,1,5,14,0,0
99,5,0,0,0,9,12,27,1,0,1.60943794250488,108,0,0,0,0,0
100,7,0,0,0,12,3,21,0,0,1.94591009616852,36,0,0,0,0,0
101,12,0,0,1,5,30,41,0,0,2.4849066734314,150,0,0,0,0,0
102,17.4899997711182,0,0,0,12,14,32,1,0,2.86162924766541,168,0,0,0,0,0
103,6.75,0,1,0,10,9,25,1,0,1.90954256057739,90,0,0,0,1,10
104,6.5,1,1,0,14,5,25,0,1,1.8718022108078,70,1,14,5,1,14
105,4.5,1,0,0,1,26,33,0,0,1.5040774345398,26,1,1,26,0,0
106,8.64999961853027,1,1,0,16,18,40,1,1,2.15755939483643,288,1,16,18,1,16
107,10,0,0,0,9,8,23,0,0,2.30258512496948,72,0,0,0,0,0
108,5.5,1,0,0,1,20,27,0,0,1.70474803447723,20,1,1,20,0,0
109,7.5,0,0,0,12,2,20,0,0,2.01490306854248,24,0,0,0,0,0
110,3.5699999332428,1,0,0,16,1,23,1,0,1.27256560325623,16,1,16,1,0,0
111,18.25,1,1,1,16,21,43,1,1,2.90416502952576,336,1,16,21,1,16
112,16,0,0,0,14,26,46,0,0,2.7725887298584,364,0,0,0,0,0
113,25,0,0,1,18,33,57,1,0,3.21887588500977,594,0,0,0,0,0
114,12,1,0,0,12,41,59,0,0,2.4849066734314,492,1,12,41,0,0
115,15.3500003814697,1,0,0,12,22,40,1,0,2.7311155796051,264,1,12,22,0,0
116,16.6700000762939,1,0,0,12,28,46,0,0,2.81361079216003,336,1,12,28,0,0
117,6.25,0,0,1,12,38,56,0,0,1.83258152008057,456,0,0,0,0,0
118,4.25,1,0,0,12,37,55,0,0,1.44691896438599,444,1,12,37,0,0
119,17.2999992370605,0,0,0,16,15,37,1,0,2.85070633888245,240,0,0,0,0,0
120,20.8299999237061,0,0,1,12,38,56,1,0,3.03639435768127,456,0,0,0,0,0
121,18.4599990844727,0,0,1,16,30,52,1,0,2.91560626029968,480,0,0,0,0,0
122,10,0,0,0,10,2,18,0,0,2.30258512496948,20,0,0,0,0,0
123,11.5500001907349,0,0,0,12,15,33,1,0,2.44668555259705,180,0,0,0,0,0
124,11,1,0,0,14,7,27,0,0,2.39789533615112,98,1,14,7,0,0
125,15.8900003433228,1,0,0,16,24,46,1,0,2.76569008827209,384,1,16,24,0,0
126,23.0799999237061,0,1,0,16,14,36,1,0,3.13896632194519,224,0,0,0,1,16
127,4.25,1,0,0,5,22,33,0,0,1.44691896438599,110,1,5,22,0,0
128,5,0,0,0,7,7,20,0,0,1.60943794250488,49,0,0,0,0,0
129,17.4500007629395,1,0,0,12,23,41,1,0,2.85933971405029,276,1,12,23,0,0
130,12.8199996948242,1,0,0,16,25,47,1,0,2.55100631713867,400,1,16,25,0,0
131,6.80000019073486,0,1,0,12,2,20,0,0,1.91692268848419,24,0,0,0,1,12
132,4.25,1,0,0,10,5,21,0,0,1.44691896438599,50,1,10,5,0,0
133,8.64999961853027,1,1,0,12,38,56,1,1,2.15755939483643,456,1,12,38,1,12
134,8,1,0,1,12,36,54,0,0,2.0794415473938,432,1,12,36,0,0
135,13.25,1,0,0,14,25,45,0,0,2.58399748802185,350,1,14,25,0,0
136,6.75,0,0,0,12,17,35,0,0,1.90954256057739,204,0,0,0,0,0
137,5.5,1,0,0,1,24,31,0,0,1.70474803447723,24,1,1,24,0,0
138,7.5,0,0,0,12,19,37,1,0,2.01490306854248,228,0,0,0,0,0
139,9.25,1,0,0,16,21,43,1,0,2.22462344169617,336,1,16,21,0,0
140,29.1200008392334,0,0,0,16,22,44,1,0,3.37142515182495,352,0,0,0,0,0
141,24.75,0,0,0,16,19,41,1,0,3.20882558822632,304,0,0,0,0,0
142,8.96000003814697,1,0,1,12,41,59,0,0,2.19277024269104,492,1,12,41,0,0
143,8,0,0,0,12,6,24,0,0,2.0794415473938,72,0,0,0,0,0
144,7,1,0,0,12,1,19,0,0,1.94591009616852,12,1,12,1,0,0
145,17.2999992370605,1,0,1,16,37,59,1,0,2.85070633888245,592,1,16,37,0,0
146,12.0299997329712,0,0,0,12,10,28,1,0,2.48740339279175,120,0,0,0,0,0
147,9,0,1,1,16,4,26,0,0,2.19722461700439,64,0,0,0,1,16
148,5.5,0,0,0,12,0,18,0,0,1.70474803447723,0,0,0,0,0,0
149,4.44999980926514,1,0,0,11,1,18,0,0,1.49290406703949,11,1,11,1,0,0
150,6.05999994277954,1,0,1,12,1,19,1,0,1.80170977115631,12,1,12,1,0,0
151,21.6299991607666,0,0,0,16,12,34,1,0,3.07408118247986,192,0,0,0,0,0
152,5.82999992370606,0,0,0,12,2,20,1,0,1.76301693916321,24,0,0,0,0,0
153,43.25,0,0,0,18,13,37,1,0,3.76699733734131,234,0,0,0,0,0
154,37.5,0,0,0,12,22,40,1,0,3.62434101104736,264,0,0,0,0,0
155,8.1899995803833,0,0,0,12,13,31,0,0,2.10291385650635,156,0,0,0,0,0
156,21.6299991607666,0,0,0,16,12,34,1,0,3.07408118247986,192,0,0,0,0,0
157,6,1,0,0,12,17,35,0,0,1.7917594909668,204,1,12,17,0,0
158,9.75,1,0,0,16,7,29,0,0,2.27726721763611,112,1,16,7,0,0
159,8.64999961853027,1,0,0,16,10,32,1,0,2.15755939483643,160,1,16,10,0,0
160,7,1,0,0,12,24,42,0,0,1.94591009616852,288,1,12,24,0,0
161,6,0,0,0,7,24,37,0,0,1.7917594909668,168,0,0,0,0,0
162,10,1,0,1,12,7,25,0,0,2.30258512496948,84,1,12,7,0,0
163,12.5,1,0,0,12,13,31,0,0,2.52572870254517,156,1,12,13,0,0
164,25.4799995422363,1,0,1,18,30,54,1,0,3.23789381980896,540,1,18,30,0,0
165,5,1,0,0,12,4,22,0,0,1.60943794250488,48,1,12,4,0,0
166,14.4300003051758,1,1,0,16,5,27,1,1,2.66930937767029,80,1,16,5,1,16
167,24.4699993133545,1,0,0,16,33,55,1,0,3.19744777679443,528,1,16,33,0,0
168,28.8500003814697,0,0,1,20,23,49,1,0,3.36210989952087,460,0,0,0,0,0
169,42.7299995422363,0,0,0,20,13,39,1,0,3.75490117073059,260,0,0,0,0,0
170,7,0,1,0,16,15,37,0,0,1.94591009616852,240,0,0,0,1,16
171,9,1,1,0,16,23,45,0,1,2.19722461700439,368,1,16,23,1,16
172,7,0,1,0,12,3,21,0,0,1.94591009616852,36,0,0,0,1,12
173,18,0,0,0,12,22,40,0,0,2.89037179946899,264,0,0,0,0,0
174,18,0,0,0,12,22,40,0,0,2.89037179946899,264,0,0,0,0,0
175,13.5500001907349,1,0,1,16,24,46,1,0,2.60638666152954,384,1,16,24,0,0
176,9.30000019073486,1,0,0,12,20,38,0,0,2.23001432418823,240,1,12,20,0,0
177,14.2399997711182,0,0,0,16,17,39,1,0,2.65605497360229,272,0,0,0,0,0
178,18,1,0,0,18,9,33,0,0,2.89037179946899,162,1,18,9,0,0
179,9.09000015258789,1,0,0,12,16,34,1,0,2.2071750164032,192,1,12,16,0,0
180,17.6399993896484,1,0,0,12,13,31,1,0,2.87016892433167,156,1,12,13,0,0
181,11.5299997329712,1,0,0,16,14,36,1,0,2.44495224952698,224,1,16,14,0,0
182,19.1499996185303,0,0,1,14,11,31,0,0,2.95230269432068,154,0,0,0,0,0
183,12.1999998092651,1,0,0,12,15,33,0,0,2.50143599510193,180,1,12,15,0,0
184,14.4399995803833,0,0,0,12,7,25,1,0,2.67000222206116,84,0,0,0,0,0
185,15,1,0,0,16,29,51,0,0,2.70805025100708,464,1,16,29,0,0
186,9.53999996185303,1,0,0,12,27,45,0,0,2.25549340248108,324,1,12,27,0,0
187,17.4500007629395,0,0,0,12,23,41,0,0,2.85933971405029,276,0,0,0,0,0
188,24,1,0,0,14,16,36,0,0,3.178053855896,224,1,14,16,0,0
189,14.4300003051758,0,0,0,18,8,32,1,0,2.66930937767029,144,0,0,0,0,0
190,16.3500003814697,0,0,0,16,8,30,1,0,2.79422783851624,128,0,0,0,0,0
191,5,1,0,0,12,6,24,0,0,1.60943794250488,72,1,12,6,0,0
192,18.7000007629395,1,0,0,16,11,33,0,0,2.92852354049683,176,1,16,11,0,0
193,8,0,0,0,12,47,65,0,0,2.0794415473938,564,0,0,0,0,0
194,18.75,0,0,1,12,16,34,0,0,2.93119382858276,192,0,0,0,0,0
195,5.5,1,0,0,12,1,19,0,0,1.70474803447723,12,1,12,1,0,0
196,4.92000007629395,1,0,0,12,40,58,1,0,1.59330856800079,480,1,12,40,0,0
197,7,1,0,0,16,1,23,0,0,1.94591009616852,16,1,16,1,0,0
198,4.5,0,0,0,12,4,22,0,0,1.5040774345398,48,0,0,0,0,0
199,8.19999980926514,1,0,0,12,33,51,0,0,2.10413408279419,396,1,12,33,0,0
200,17.25,0,0,0,12,27,45,0,0,2.84781217575073,324,0,0,0,0,0
201,12.0299997329712,1,0,0,12,12,30,1,0,2.48740339279175,144,1,12,12,0,0
202,18.2000007629395,1,0,0,12,18,36,0,0,2.90142154693604,216,1,12,18,0,0
203,2.85999989509583,1,0,0,12,13,31,1,0,1.05082154273987,156,1,12,13,0,0
204,12,0,0,0,7,29,42,0,0,2.4849066734314,203,0,0,0,0,0
205,14.6999998092651,1,0,0,14,22,42,1,0,2.68784737586975,308,1,14,22,0,0
206,24,0,0,1,12,33,51,0,0,3.178053855896,396,0,0,0,0,0
207,14.4200000762939,1,0,0,14,13,33,0,0,2.66861605644226,182,1,14,13,0,0
208,9,1,0,1,12,24,42,0,0,2.19722461700439,288,1,12,24,0,0
209,19.7199993133545,0,0,0,16,23,45,0,0,2.98163342475891,368,0,0,0,0,0
210,8,1,0,0,18,13,37,0,0,2.0794415473938,234,1,18,13,0,0
211,12,0,0,0,12,9,27,0,0,2.4849066734314,108,0,0,0,0,0
212,13.1599998474121,1,0,0,12,4,22,1,0,2.57718181610107,48,1,12,4,0,0
213,11.25,0,0,0,12,12,30,1,0,2.42036819458008,144,0,0,0,0,0
214,18,0,0,1,12,18,36,0,0,2.89037179946899,216,0,0,0,0,0
215,13.5,0,0,0,16,3,25,0,0,2.60268974304199,48,0,0,0,0,0
216,8.75,0,0,0,12,6,24,0,0,2.16905379295349,72,0,0,0,0,0
217,12.7200002670288,0,0,0,16,18,40,0,0,2.54317569732666,288,0,0,0,0,0
218,11.3100004196167,1,0,0,14,10,30,0,0,2.42568731307983,140,1,14,10,0,0
219,6,1,0,0,12,0,18,0,0,1.7917594909668,0,1,12,0,0,0
220,9,0,0,0,12,7,25,0,0,2.19722461700439,84,0,0,0,0,0
221,21.4699993133545,0,0,0,16,8,30,1,0,3.06665658950806,128,0,0,0,0,0
222,5,0,1,0,12,12,30,0,0,1.60943794250488,144,0,0,0,1,12
223,12.5,1,1,0,12,42,60,1,1,2.52572870254517,504,1,12,42,1,12
224,25.4799995422363,1,1,0,20,27,53,1,1,3.23789381980896,540,1,20,27,1,20
225,14.4099998474121,0,1,1,12,22,40,0,0,2.66792249679565,264,0,0,0,1,12
226,10.1000003814697,0,1,1,16,4,26,1,0,2.31253552436829,64,0,0,0,1,16
227,7.19999980926514,0,1,0,12,5,23,1,0,1.97408103942871,60,0,0,0,1,12
228,14.3999996185303,1,1,0,12,19,37,1,1,2.66722822189331,228,1,12,19,1,12
229,9.10000038146973,1,1,1,12,32,50,0,1,2.20827436447144,384,1,12,32,1,12
230,23.0799999237061,0,0,0,20,3,29,1,0,3.13896632194519,60,0,0,0,0,0
231,7,1,0,0,16,3,25,0,0,1.94591009616852,48,1,16,3,0,0
232,19.2800006866455,0,0,0,12,15,33,0,0,2.95906829833984,180,0,0,0,0,0
233,8.71000003814697,1,0,0,12,17,35,1,0,2.16447186470032,204,1,12,17,0,0
234,9.38000011444092,1,0,0,12,43,61,1,0,2.23857975006104,516,1,12,43,0,0
235,12,0,0,0,9,23,38,0,0,2.4849066734314,207,0,0,0,0,0
236,13,0,0,0,12,10,28,0,0,2.56494927406311,120,0,0,0,0,0
237,9.63000011444092,0,0,0,12,15,33,1,0,2.26488327980041,180,0,0,0,0,0
238,16.4500007629395,1,0,0,16,41,63,1,0,2.80032563209534,656,1,16,41,0,0
239,5,1,0,0,12,20,38,1,0,1.60943794250488,240,1,12,20,0,0
240,20.8299999237061,1,0,0,14,26,46,1,0,3.03639435768127,364,1,14,26,0,0
241,7,0,1,0,12,8,26,0,0,1.94591009616852,96,0,0,0,1,12
242,10,0,0,0,12,6,24,0,0,2.30258512496948,72,0,0,0,0,0
243,13,0,1,0,12,44,62,0,0,2.56494927406311,528,0,0,0,1,12
244,22,0,0,0,12,22,40,1,0,3.09104251861572,264,0,0,0,0,0
245,8,0,0,0,14,2,22,0,0,2.0794415473938,28,0,0,0,0,0
246,6,0,0,0,12,22,40,0,0,1.7917594909668,264,0,0,0,0,0
247,23.0900001525879,1,0,0,20,17,43,1,0,3.13939952850342,340,1,20,17,0,0
248,19.2299995422363,1,0,0,16,27,49,1,0,2.95647144317627,432,1,16,27,0,0
249,8,0,0,0,14,4,24,0,0,2.0794415473938,56,0,0,0,0,0
250,11.1099996566772,0,0,0,12,14,32,1,0,2.40784549713135,168,0,0,0,0,0
251,4.59999990463257,1,1,1,5,43,54,0,1,1.52605628967285,215,1,5,43,1,5
252,11.8199996948242,0,0,0,14,37,57,1,0,2.46979308128357,518,0,0,0,0,0
253,4.55000019073486,0,0,0,12,5,23,0,0,1.51512730121613,60,0,0,0,0,0
254,10,0,0,0,12,19,37,0,0,2.30258512496948,228,0,0,0,0,0
255,7.40999984741211,1,1,0,10,29,45,0,1,2.00283050537109,290,1,10,29,1,10
256,28.8299999237061,0,0,0,16,21,43,1,0,3.36141657829285,336,0,0,0,0,0
257,4.5,1,0,0,11,1,18,0,0,1.5040774345398,11,1,11,1,0,0
258,11,0,0,0,12,16,34,0,0,2.39789533615112,192,0,0,0,0,0
259,10.0799999237061,1,0,0,12,39,57,1,0,2.31055331230164,468,1,12,39,0,0
260,9.05000019073486,1,0,0,12,38,56,0,0,2.20276474952698,456,1,12,38,0,0
261,8,1,1,0,12,9,27,0,1,2.0794415473938,108,1,12,9,1,12
262,5.15000009536743,1,1,0,12,2,20,0,1,1.63899672031403,24,1,12,2,1,12
263,5,0,1,0,12,3,21,0,0,1.60943794250488,36,0,0,0,1,12
264,12.0299997329712,1,0,0,12,6,24,1,0,2.48740339279175,72,1,12,6,0,0
265,16.8299999237061,1,0,0,16,25,47,1,0,2.82316303253174,400,1,16,25,0,0
266,2.09999990463257,1,0,0,18,27,51,0,0,0.741937279701233,486,1,18,27,0,0
267,28.2299995422363,0,0,0,20,24,50,1,0,3.34038519859314,480,0,0,0,0,0
268,7,0,0,0,9,17,32,0,0,1.94591009616852,153,0,0,0,0,0
269,6,1,1,0,12,5,23,0,1,1.7917594909668,60,1,12,5,1,12
270,10.1000003814697,1,0,0,18,15,39,1,0,2.31253552436829,270,1,18,15,0,0
271,18,1,0,0,14,6,26,0,0,2.89037179946899,84,1,14,6,0,0
272,6.75,1,0,0,12,22,40,0,0,1.90954256057739,264,1,12,22,0,0
273,11.210000038147,1,0,1,12,11,29,0,0,2.4168062210083,132,1,12,11,0,0
274,10,0,0,0,12,31,49,0,0,2.30258512496948,372,0,0,0,0,0
275,5,1,1,0,11,39,56,0,1,1.60943794250488,429,1,11,39,1,11
276,15,1,0,0,12,15,33,1,0,2.70805025100708,180,1,12,15,0,0
277,14.0900001525879,0,0,0,12,19,37,1,0,2.64546537399292,228,0,0,0,0,0
278,6.92999982833862,1,0,0,12,10,28,1,0,1.93585979938507,120,1,12,10,0,0
279,6.73999977111816,1,1,0,12,20,38,0,1,1.90805983543396,240,1,12,20,1,12
280,16,0,0,0,14,17,37,0,0,2.7725887298584,238,0,0,0,0,0
281,6.25,1,0,0,11,34,51,1,0,1.83258152008057,374,1,11,34,0,0
282,10,0,0,0,14,32,52,1,0,2.30258512496948,448,0,0,0,0,0
283,9.57999992370606,1,0,0,12,14,32,0,0,2.25967764854431,168,1,12,14,0,0
284,21.1499996185303,1,0,0,18,15,39,1,0,3.05163979530334,270,1,18,15,0,0
285,6.5,0,0,0,9,3,18,0,0,1.8718022108078,27,0,0,0,0,0
286,8.02999973297119,1,0,0,7,38,51,0,0,2.08318448066711,266,1,7,38,0,0
287,24.0300006866455,0,0,0,14,36,56,1,0,3.17930316925049,504,0,0,0,0,0
288,12.9799995422363,0,0,0,16,23,45,1,0,2.56340956687927,368,0,0,0,0,0
289,23.3999996185303,0,0,0,20,6,32,1,0,3.15273594856262,120,0,0,0,0,0
290,15.8800001144409,1,1,0,12,15,33,1,1,2.76506042480469,180,1,12,15,1,12
291,11.7799997329712,0,0,0,12,41,59,1,0,2.4664032459259,492,0,0,0,0,0
292,7,1,0,0,12,39,57,0,0,1.94591009616852,468,1,12,39,0,0
293,15.1000003814697,0,0,0,16,16,38,0,0,2.71469473838806,256,0,0,0,0,0
294,21,1,0,0,14,25,45,0,0,3.04452252388,350,1,14,25,0,0
295,5.5,1,1,0,16,10,32,0,1,1.70474803447723,160,1,16,10,1,16
296,9.31999969482422,0,1,1,12,12,30,0,0,2.23216271400452,144,0,0,0,1,12
297,14.4300003051758,1,1,0,12,29,47,1,1,2.66930937767029,348,1,12,29,1,12
298,4,0,1,0,1,33,40,0,0,1.3862943649292,33,0,0,0,1,1
299,8.75,0,0,0,9,31,46,0,0,2.16905379295349,279,0,0,0,0,0
300,8.5,0,0,0,9,7,22,0,0,2.14006614685059,63,0,0,0,0,0
301,8,0,0,0,7,30,43,0,0,2.0794415473938,210,0,0,0,0,0
302,25,0,1,0,20,2,28,1,0,3.21887588500977,40,0,0,0,1,20
303,24.0300006866455,0,0,0,18,24,48,1,0,3.17930316925049,432,0,0,0,0,0
304,6,1,0,0,14,36,56,1,0,1.7917594909668,504,1,14,36,0,0
305,5.82000017166138,0,1,0,12,11,29,0,0,1.76130032539368,132,0,0,0,1,12
306,15,0,0,0,12,15,33,0,0,2.70805025100708,180,0,0,0,0,0
307,11.5,1,1,1,16,29,51,0,1,2.44234704971313,464,1,16,29,1,16
308,24.0300006866455,0,1,1,14,40,60,1,0,3.17930316925049,560,0,0,0,1,14
309,4.25,1,1,0,12,9,27,0,1,1.44691896438599,108,1,12,9,1,12
310,8.64999961853027,1,1,0,10,8,24,1,1,2.15755939483643,80,1,10,8,1,10
311,5.5,0,1,0,12,1,19,0,0,1.70474803447723,12,0,0,0,1,12
312,19.1900005340576,0,1,1,12,39,57,0,0,2.95438933372498,468,0,0,0,1,12
313,19.1000003814697,1,0,1,18,26,50,1,0,2.94968843460083,468,1,18,26,0,0
314,14,0,1,0,12,26,44,0,0,2.63905739784241,312,0,0,0,1,12
315,4.44000005722046,0,0,0,16,15,37,1,0,1.49065434932709,240,0,0,0,0,0
316,16.8299999237061,1,0,0,18,28,52,1,0,2.82316303253174,504,1,18,28,0,0
317,7,1,0,0,12,24,42,0,0,1.94591009616852,288,1,12,24,0,0
318,23.1700000762939,0,0,0,12,37,55,0,0,3.14285826683044,444,0,0,0,0,0
319,10.9799995422363,0,0,0,12,11,29,0,0,2.39607548713684,132,0,0,0,0,0
320,5.25,0,1,0,12,0,18,0,0,1.65822803974152,0,0,0,0,1,12
321,17.2999992370605,0,0,0,14,26,46,1,0,2.85070633888245,364,0,0,0,0,0
322,7.17999982833862,1,0,1,12,21,39,0,0,1.97129940986633,252,1,12,21,0,0
323,6.25,0,0,0,16,22,44,1,0,1.83258152008057,352,0,0,0,0,0
324,7,1,0,0,12,46,64,0,0,1.94591009616852,552,1,12,46,0,0
325,11.539999961853,1,0,1,12,35,53,1,0,2.44581913948059,420,1,12,35,0,0
326,7.30000019073486,1,0,0,12,0,18,0,0,1.98787438869476,0,1,12,0,0,0
327,7,1,0,0,16,3,25,0,0,1.94591009616852,48,1,16,3,0,0
328,8,0,0,0,12,8,26,0,0,2.0794415473938,96,0,0,0,0,0
329,7,0,0,1,12,41,59,0,0,1.94591009616852,492,0,0,0,0,0
330,5.5,1,1,0,12,2,20,0,1,1.70474803447723,24,1,12,2,1,12
331,10,1,1,0,12,9,27,0,1,2.30258512496948,108,1,12,9,1,12
332,40,0,0,0,18,41,65,1,0,3.68887948989868,738,0,0,0,0,0
333,11.539999961853,1,0,0,16,3,25,1,0,2.44581913948059,48,1,16,3,0,0
334,14.4300003051758,1,0,0,12,6,24,1,0,2.66930937767029,72,1,12,6,0,0
335,22.5,0,0,0,18,3,27,1,0,3.11351537704468,54,0,0,0,0,0
336,8.42000007629395,1,0,0,12,23,41,1,0,2.13060975074768,276,1,12,23,0,0
337,13.75,0,0,0,12,36,54,0,0,2.62103891372681,432,0,0,0,0,0
338,5.34000015258789,1,0,0,12,32,50,0,0,1.67522573471069,384,1,12,32,0,0
339,12.0299997329712,0,1,0,12,8,26,1,0,2.48740339279175,96,0,0,0,1,12
340,7,1,1,1,12,7,25,0,1,1.94591009616852,84,1,12,7,1,12
341,5.09999990463257,0,0,0,5,36,47,0,0,1.6292405128479,180,0,0,0,0,0
342,12.5,1,0,0,18,0,24,1,0,2.52572870254517,0,1,18,0,0,0
343,16,1,0,0,16,9,31,0,0,2.7725887298584,144,1,16,9,0,0
344,25,0,0,1,12,24,42,0,0,3.21887588500977,288,0,0,0,0,0
345,12.9799995422363,0,0,1,12,37,55,1,0,2.56340956687927,444,0,0,0,0,0
346,6.92000007629395,1,0,0,1,26,33,0,0,1.93441581726074,26,1,1,26,0,0
347,9.38000011444092,1,1,0,18,9,33,1,1,2.23857975006104,162,1,18,9,1,18
348,37.5,0,0,0,16,35,57,1,0,3.62434101104736,560,0,0,0,0,0
349,19.2299995422363,0,0,0,20,12,38,0,0,2.95647144317627,240,0,0,0,0,0
350,11.1899995803833,1,0,0,16,29,51,1,0,2.41502046585083,464,1,16,29,0,0
351,11.5,1,0,0,12,29,47,0,0,2.44234704971313,348,1,12,29,0,0
352,14.6400003433228,1,0,0,14,12,32,1,0,2.68375754356384,168,1,14,12,0,0
353,25,0,0,1,14,30,50,0,0,3.21887588500977,420,0,0,0,0,0
354,9,0,0,0,11,13,30,0,0,2.19722461700439,143,0,0,0,0,0
355,14.9099998474121,1,0,0,12,20,38,1,0,2.7020320892334,240,1,12,20,0,0
356,8.5,0,0,0,14,2,22,1,0,2.14006614685059,28,0,0,0,0,0
357,21.1599998474121,0,0,0,16,9,31,1,0,3.0521125793457,144,0,0,0,0,0
358,17.0499992370605,1,0,0,18,23,47,1,0,2.83615016937256,414,1,18,23,0,0
359,6.09999990463257,1,0,0,12,6,24,0,0,1.80828881263733,72,1,12,6,0,0
360,15.9499998092651,0,0,0,16,14,36,1,0,2.76945877075195,224,0,0,0,0,0
361,9.78999996185303,0,0,1,12,21,39,0,0,2.28136134147644,252,0,0,0,0,0
362,14.1599998474121,1,0,0,16,9,31,1,0,2.65042114257812,144,1,16,9,0,0
363,28.3799991607666,0,0,0,14,31,51,1,0,3.34568452835083,434,0,0,0,0,0
364,5.5,0,0,0,1,25,32,0,0,1.70474803447723,25,0,0,0,0,0
365,5,0,0,1,12,9,27,0,0,1.60943794250488,108,0,0,0,0,0
366,11.5299997329712,1,0,0,12,26,44,1,0,2.44495224952698,312,1,12,26,0,0
367,16,0,0,0,16,7,29,0,0,2.7725887298584,112,0,0,0,0,0
368,33.2200012207031,0,0,0,18,13,37,1,0,3.5031521320343,234,0,0,0,0,0
369,12,0,0,0,12,15,33,0,0,2.4849066734314,180,0,0,0,0,0
370,19.25,1,0,0,12,22,40,1,0,2.95751094818115,264,1,12,22,0,0
371,38.4500007629394,1,0,0,12,32,50,1,0,3.64935874938965,384,1,12,32,0,0
372,4.25,1,0,0,12,3,21,0,0,1.44691896438599,36,1,12,3,0,0
373,0.839999973773956,1,0,0,10,35,51,1,0,-0.174353420734406,350,1,10,35,0,0
374,7.05999994277954,1,1,0,12,12,30,0,1,1.9544450044632,144,1,12,12,1,12
375,4.75,1,0,0,12,1,19,0,0,1.55814456939697,12,1,12,1,0,0
376,4,0,1,0,12,7,25,0,0,1.3862943649292,84,0,0,0,1,12
377,15,1,0,0,11,38,55,1,0,2.70805025100708,418,1,11,38,0,0
378,23.0799999237061,0,0,0,16,8,30,1,0,3.13896632194519,128,0,0,0,0,0
379,17.5,1,0,0,18,38,62,0,0,2.86220097541809,684,1,18,38,0,0
380,13.75,1,0,0,12,14,32,1,0,2.62103891372681,168,1,12,14,0,0
381,5,1,0,0,12,17,35,0,0,1.60943794250488,204,1,12,17,0,0
382,8,0,0,0,11,5,22,0,0,2.0794415473938,55,0,0,0,0,0
383,10,1,0,0,12,9,27,0,0,2.30258512496948,108,1,12,9,0,0
384,21.0200004577637,0,0,0,16,9,31,1,0,3.04547429084778,144,0,0,0,0,0
385,6.03999996185303,1,0,0,12,21,39,0,0,1.79840397834778,252,1,12,21,0,0
386,7,1,0,0,12,8,26,0,0,1.94591009616852,96,1,12,8,0,0
387,4.25,0,1,0,12,3,21,0,0,1.44691896438599,36,0,0,0,1,12
388,11,1,0,1,12,23,41,0,0,2.39789533615112,276,1,12,23,0,0
389,4.5,0,0,0,9,23,38,0,0,1.5040774345398,207,0,0,0,0,0
390,18,0,0,1,12,28,46,0,0,2.89037179946899,336,0,0,0,0,0
391,9,0,0,0,12,6,24,0,0,2.19722461700439,72,0,0,0,0,0
392,12,1,0,0,14,16,36,0,0,2.4849066734314,224,1,14,16,0,0
393,17.8600006103516,0,0,1,16,22,44,1,0,2.88256359100342,352,0,0,0,0,0
394,26.9200000762939,0,0,0,16,31,53,1,0,3.29286956787109,496,0,0,0,0,0
395,16.25,1,0,0,16,13,35,0,0,2.78809285163879,208,1,16,13,0,0
396,8.75,0,0,0,12,17,35,1,0,2.16905379295349,204,0,0,0,0,0
397,14.4799995422363,1,0,0,18,12,36,1,0,2.67276835441589,216,1,18,12,0,0
398,24.0499992370605,0,0,1,14,26,46,1,0,3.18013501167297,364,0,0,0,0,0
399,3.84999990463257,0,0,0,12,18,36,1,0,1.34807312488556,216,0,0,0,0,0
400,27.8799991607666,0,0,0,16,27,49,1,0,3.32790946960449,432,0,0,0,0,0
401,5,1,0,0,12,43,61,0,0,1.60943794250488,516,1,12,43,0,0
402,16.5,0,0,0,16,12,34,1,0,2.80336046218872,192,0,0,0,0,0
403,7.21000003814697,1,0,0,12,33,51,0,0,1.97546899318695,396,1,12,33,0,0
404,13.4499998092651,1,0,0,12,38,56,1,0,2.59897899627686,456,1,12,38,0,0
405,10.0500001907349,0,0,0,11,22,39,0,0,2.30757260322571,242,0,0,0,0,0
406,4.25,1,0,0,12,5,23,0,0,1.44691896438599,60,1,12,5,0,0
407,6.75,1,0,0,12,22,40,0,0,1.90954256057739,264,1,12,22,0,0
408,15,0,0,1,20,16,42,1,0,2.70805025100708,320,0,0,0,0,0
409,7.5,1,0,0,18,19,43,0,0,2.01490306854248,342,1,18,19,0,0
410,8.5,0,0,0,14,6,26,0,0,2.14006614685059,84,0,0,0,0,0
411,7.21000003814697,1,0,0,12,20,38,0,0,1.97546899318695,240,1,12,20,0,0
412,9.02000045776367,0,0,0,12,25,43,0,0,2.19944429397583,300,0,0,0,0,0
413,5,1,0,0,12,9,27,0,0,1.60943794250488,108,1,12,9,0,0
414,5.34999990463257,1,0,0,14,8,28,0,0,1.67709648609161,112,1,14,8,0,0
415,6,0,0,0,12,4,22,0,0,1.7917594909668,48,0,0,0,0,0
416,9,1,0,0,12,29,47,0,0,2.19722461700439,348,1,12,29,0,0
417,2.29999995231628,1,0,0,12,5,23,0,0,0.832909107208252,60,1,12,5,0,0
418,5,1,0,0,12,3,21,0,0,1.60943794250488,36,1,12,3,0,0
419,11.3500003814697,1,0,0,7,35,48,0,0,2.42921781539917,245,1,7,35,0,0
420,5,0,0,0,12,2,20,0,0,1.60943794250488,24,0,0,0,0,0
421,8,0,0,0,12,5,23,0,0,2.0794415473938,60,0,0,0,0,0
422,7.98999977111816,0,0,0,12,20,38,1,0,2.07819080352783,240,0,0,0,0,0
423,14,1,0,1,12,24,42,0,0,2.63905739784241,288,1,12,24,0,0
424,10.5799999237061,1,0,0,14,3,23,1,0,2.3589653968811,42,1,14,3,0,0
425,15.3800001144409,0,0,0,11,24,41,1,0,2.73306798934937,264,0,0,0,0,0
426,15,0,0,0,16,8,30,1,0,2.70805025100708,128,0,0,0,0,0
427,13,1,0,0,14,32,52,0,0,2.56494927406311,448,1,14,32,0,0
428,4.44000005722046,0,1,0,12,6,24,1,0,1.49065434932709,72,0,0,0,1,12
429,15.4300003051758,1,1,0,12,31,49,1,1,2.73631358146667,372,1,12,31,1,12
430,9,0,0,0,12,4,22,0,0,2.19722461700439,48,0,0,0,0,0
431,14.1800003051758,1,0,0,12,39,57,1,0,2.65183258056641,468,1,12,39,0,0
432,14.960000038147,0,0,0,16,9,31,1,0,2.70537996292114,144,0,0,0,0,0
433,30.7800006866455,0,0,0,20,27,53,1,0,3.4268651008606,540,0,0,0,0,0
434,17,0,0,0,12,24,42,0,0,2.83321332931519,288,0,0,0,0,0
435,8.5,1,0,0,14,13,33,0,0,2.14006614685059,182,1,14,13,0,0
436,6.75,1,0,0,16,6,28,1,0,1.90954256057739,96,1,16,6,0,0
437,12.5,0,0,0,12,10,28,0,0,2.52572870254517,120,0,0,0,0,0
438,22.2999992370605,0,0,0,16,20,42,1,0,3.10458660125732,320,0,0,0,0,0
439,5,0,0,0,16,21,43,0,0,1.60943794250488,336,0,0,0,0,0
440,4.90000009536743,0,0,0,12,3,21,0,0,1.58923518657684,36,0,0,0,0,0
441,13.75,0,0,1,12,40,58,1,0,2.62103891372681,480,0,0,0,0,0
442,8.60000038146973,1,1,0,12,17,35,0,1,2.15176224708557,204,1,12,17,1,12
443,6.51999998092651,0,0,0,12,46,64,0,0,1.87487435340881,552,0,0,0,0,0
444,4.80000019073486,1,0,0,12,15,33,1,0,1.56861591339111,180,1,12,15,0,0
445,16,0,0,1,12,28,46,0,0,2.7725887298584,336,0,0,0,0,0
446,5,0,0,0,11,1,18,0,0,1.60943794250488,11,0,0,0,0,0
447,5.75,0,0,0,12,3,21,0,0,1.74919986724854,36,0,0,0,0,0
448,7,1,1,0,12,25,43,0,1,1.94591009616852,300,1,12,25,1,12
449,8.85000038146973,1,1,0,12,15,33,0,1,2.18041753768921,180,1,12,15,1,12
450,18.8700008392334,0,0,0,14,14,34,1,0,2.93757343292236,196,0,0,0,0,0
451,30.75,0,0,0,18,27,51,1,0,3.42588996887207,486,0,0,0,0,0
452,5.30000019073486,1,0,0,12,15,33,0,0,1.66770684719086,180,1,12,15,0,0
453,28.8299999237061,1,0,0,14,20,40,1,0,3.36141657829285,280,1,14,20,0,0
454,4.32999992370606,1,0,0,11,26,43,1,0,1.46556746959686,286,1,11,26,0,0
455,6.03999996185303,0,0,0,12,34,52,1,0,1.79840397834778,408,0,0,0,0,0
456,18.6900005340576,0,0,1,16,9,31,0,0,2.9279887676239,144,0,0,0,0,0
457,13.5,1,0,0,12,36,54,0,0,2.60268974304199,432,1,12,36,0,0
458,17.8899993896484,1,0,1,12,24,42,0,0,2.88424181938171,288,1,12,24,0,0
459,13.75,1,0,0,16,9,31,1,0,2.62103891372681,144,1,16,9,0,0
460,7.19999980926514,1,0,0,12,11,29,0,0,1.97408103942871,132,1,12,11,0,0
461,7,1,0,0,12,1,19,0,0,1.94591009616852,12,1,12,1,0,0
462,5,1,0,0,12,10,28,0,0,1.60943794250488,120,1,12,10,0,0
463,17,1,0,0,12,38,56,0,0,2.83321332931519,456,1,12,38,0,0
464,10,0,0,1,12,9,27,0,0,2.30258512496948,108,0,0,0,0,0
465,28.8500003814697,0,1,0,12,20,38,1,0,3.36210989952087,240,0,0,0,1,12
466,13.5,1,0,0,16,2,24,1,0,2.60268974304199,32,1,16,2,0,0
467,7,1,0,0,16,11,33,0,0,1.94591009616852,176,1,16,11,0,0
468,13.4399995803833,1,1,1,12,16,34,0,1,2.59823536872864,192,1,12,16,1,12
469,6,1,1,0,12,4,22,0,1,1.7917594909668,48,1,12,4,1,12
470,9,0,0,1,12,0,18,0,0,2.19722461700439,0,0,0,0,0,0
471,10.1000003814697,0,1,0,12,11,29,0,0,2.31253552436829,132,0,0,0,1,12
472,16.8299999237061,0,1,0,12,27,45,1,0,2.82316303253174,324,0,0,0,1,12
473,20.2000007629395,1,0,0,12,15,33,1,0,3.00568270683289,180,1,12,15,0,0
474,8,1,0,0,12,41,59,0,0,2.0794415473938,492,1,12,41,0,0
475,12.1300001144409,1,0,0,12,23,41,1,0,2.49568176269531,276,1,12,23,0,0
476,3,1,0,0,16,2,24,0,0,1.0986123085022,32,1,16,2,0,0
477,4.34999990463257,1,0,0,12,18,36,0,0,1.47017586231232,216,1,12,18,0,0
478,15.0600004196167,1,0,1,16,28,50,0,0,2.71204233169556,448,1,16,28,0,0
479,5.25,1,0,0,16,5,27,0,0,1.65822803974152,80,1,16,5,0,0
480,21.1499996185303,1,0,0,12,17,35,1,0,3.05163979530334,204,1,12,17,0,0
481,16.8299999237061,0,0,0,12,40,58,1,0,2.82316303253174,480,0,0,0,0,0
482,8.75,1,0,0,9,48,63,0,0,2.16905379295349,432,1,9,48,0,0
483,9.47000026702881,1,0,0,12,24,42,1,0,2.24812889099121,288,1,12,24,0,0
484,9.05000019073486,1,0,0,12,27,45,0,0,2.20276474952698,324,1,12,27,0,0
485,11.5299997329712,0,0,0,12,14,32,1,0,2.44495224952698,168,0,0,0,0,0
486,13,1,0,0,12,38,56,0,0,2.56494927406311,456,1,12,38,0,0
487,5,1,0,0,16,6,28,0,0,1.60943794250488,96,1,16,6,0,0
488,11,0,0,0,12,29,47,0,0,2.39789533615112,348,0,0,0,0,0
489,10.6700000762939,1,0,0,12,21,39,1,0,2.367436170578,252,1,12,21,0,0
490,9.5,0,0,0,12,6,24,0,0,2.25129175186157,72,0,0,0,0,0
491,17.7800006866455,0,0,0,12,18,36,1,0,2.87807416915894,216,0,0,0,0,0
492,26.9300003051758,1,0,0,16,13,35,1,0,3.29324102401733,208,1,16,13,0,0
493,10,1,0,0,12,41,59,0,0,2.30258512496948,492,1,12,41,0,0
494,28.3500003814697,0,0,0,16,34,56,1,0,3.34462714195251,544,0,0,0,0,0
495,8,0,0,0,7,30,43,0,0,2.0794415473938,210,0,0,0,0,0
496,20.6800003051758,1,0,1,18,20,44,1,0,3.02916717529297,360,1,18,20,0,0
497,21.6299991607666,1,0,0,16,11,33,1,0,3.07408118247986,176,1,16,11,0,0
498,16.2999992370605,0,0,1,12,21,39,0,0,2.7911651134491,252,0,0,0,0,0
499,19.9400005340576,1,0,0,18,34,58,0,0,2.99272775650024,612,1,18,34,0,0
500,11.25,1,0,1,11,40,57,1,0,2.42036819458008,440,1,11,40,0,0
501,11.7299995422363,0,0,0,16,22,44,0,0,2.46214962005615,352,0,0,0,0,0
502,12,1,0,0,14,20,40,0,0,2.4849066734314,280,1,14,20,0,0
503,18.1599998474121,1,0,1,14,32,52,1,0,2.89922142028809,448,1,14,32,0,0
504,7.15000009536743,0,0,0,12,1,19,0,0,1.96711242198944,12,0,0,0,0,0
505,38.4500007629394,1,0,0,18,18,42,1,0,3.64935874938965,324,1,18,18,0,0
506,25.4300003051758,1,0,0,18,17,41,1,0,3.23592948913574,306,1,18,17,0,0
507,18.4599990844727,1,0,0,18,27,51,1,0,2.91560626029968,486,1,18,27,0,0
508,36.0499992370605,0,1,0,18,9,33,1,0,3.58490681648254,162,0,0,0,1,18
509,7.88000011444092,1,0,0,20,15,41,1,0,2.06432795524597,300,1,20,15,0,0
510,6,1,0,1,12,5,23,0,0,1.7917594909668,60,1,12,5,0,0
511,38.4599990844727,0,0,0,16,31,53,1,0,3.64961862564087,496,0,0,0,0,0
512,25.8899993896484,1,0,0,16,12,34,1,0,3.25385665893555,192,1,16,12,0,0
513,48.0800018310547,0,0,0,16,38,60,1,0,3.87286639213562,608,0,0,0,0,0
514,9.5,0,0,0,12,18,36,0,0,2.25129175186157,216,0,0,0,0,0
515,16.6000003814697,1,0,0,16,16,38,1,0,2.80940270423889,256,1,16,16,0,0
516,6.5,1,0,0,11,21,38,0,0,1.8718022108078,231,1,11,21,0,0
517,8,1,0,0,12,6,24,0,0,2.0794415473938,72,1,12,6,0,0
518,18.75,1,0,0,12,30,48,1,0,2.93119382858276,360,1,12,30,0,0
519,6.5,1,0,0,10,42,58,0,0,1.8718022108078,420,1,10,42,0,0
520,12.5,1,0,0,16,19,41,1,0,2.52572870254517,304,1,16,19,0,0
521,17,0,0,1,14,27,47,0,0,2.83321332931519,378,0,0,0,0,0
522,5.34999990463257,1,0,0,12,13,31,0,0,1.67709648609161,156,1,12,13,0,0
523,39,0,0,0,16,25,47,0,0,3.66356158256531,400,0,0,0,0,0
524,12.5,0,0,1,12,26,44,1,0,2.52572870254517,312,0,0,0,0,0
525,10.8400001525879,1,0,0,12,38,56,1,0,2.38324308395386,456,1,12,38,0,0
526,9,1,0,0,12,31,49,0,0,2.19722461700439,372,1,12,31,0,0
527,8,0,0,0,12,6,24,0,0,2.0794415473938,72,0,0,0,0,0
528,8.5,1,0,0,16,7,29,0,0,2.14006614685059,112,1,16,7,0,0
529,5.75,1,1,0,16,12,34,1,1,1.74919986724854,192,1,16,12,1,16
530,9,1,0,0,12,26,44,0,0,2.19722461700439,312,1,12,26,0,0
531,8,0,0,0,9,22,37,0,0,2.0794415473938,198,0,0,0,0,0
532,17.2999992370605,0,0,1,18,22,46,1,0,2.85070633888245,396,0,0,0,0,0
533,5,1,0,0,12,14,32,0,0,1.60943794250488,168,1,12,14,0,0
534,5,0,0,0,12,35,53,0,0,1.60943794250488,420,0,0,0,0,0
535,21.8999996185303,0,0,1,14,17,37,0,0,3.08648657798767,238,0,0,0,0,0
536,10.0500001907349,1,0,1,12,23,41,0,0,2.30757260322571,276,1,12,23,0,0
537,17.75,0,0,0,12,21,39,0,0,2.87638545036316,252,0,0,0,0,0
538,4.59999990463257,1,0,0,12,3,21,0,0,1.52605628967285,36,1,12,3,0,0
539,4.25,1,0,0,12,6,24,0,0,1.44691896438599,72,1,12,6,0,0
540,9.34000015258789,0,0,1,12,29,47,0,0,2.23430633544922,348,0,0,0,0,0
541,8.5600004196167,1,0,0,12,12,30,1,0,2.14710021018982,144,1,12,12,0,0
542,25,0,0,0,12,6,24,0,0,3.21887588500977,72,0,0,0,0,0
543,7,1,0,0,12,28,46,0,0,1.94591009616852,336,1,12,28,0,0
544,23.9500007629395,0,0,1,16,40,62,1,0,3.17596840858459,640,0,0,0,0,0
545,4.65000009536743,0,0,0,12,35,53,0,0,1.53686726093292,420,0,0,0,0,0
546,7.15000009536743,0,0,0,14,4,24,0,0,1.96711242198944,56,0,0,0,0,0
547,9.89000034332275,1,0,0,12,35,53,1,0,2.29152417182922,420,1,12,35,0,0
548,18.6499996185303,1,0,1,18,15,39,1,0,2.92584609985352,270,1,18,15,0,0
549,11.6300001144409,0,0,0,12,23,41,1,0,2.45358800888062,276,0,0,0,0,0
550,6.59999990463257,0,0,0,14,10,30,1,0,1.88706958293915,140,0,0,0,0,0
551,10.8000001907349,1,0,0,12,16,34,0,0,2.37954616546631,192,1,12,16,0,0
552,22.6399993896484,0,0,0,20,14,40,1,0,3.11971831321716,280,0,0,0,0,0
553,6.75,1,0,0,12,34,52,0,0,1.90954256057739,408,1,12,34,0,0
554,8,0,1,0,12,4,22,0,0,2.0794415473938,48,0,0,0,1,12
555,9.60999965667725,1,0,0,12,12,30,0,0,2.26280426979065,144,1,12,12,0,0
556,4.25,1,0,0,12,12,30,0,0,1.44691896438599,144,1,12,12,0,0
557,8.77999973297119,1,0,1,12,18,36,0,0,2.17247629165649,216,1,12,18,0,0
558,5.57999992370606,1,0,0,10,10,26,0,0,1.71918880939484,100,1,10,10,0,0
559,7.09999990463257,1,0,0,12,40,58,0,0,1.96009480953217,480,1,12,40,0,0
560,7,1,0,1,14,13,33,0,0,1.94591009616852,182,1,14,13,0,0
561,9,1,0,0,18,14,38,0,0,2.19722461700439,252,1,18,14,0,0
562,5,0,0,0,11,1,18,0,0,1.60943794250488,11,0,0,0,0,0
563,18,0,0,0,12,34,52,0,0,2.89037179946899,408,0,0,0,0,0
564,18,0,0,1,12,23,41,0,0,2.89037179946899,276,0,0,0,0,0
565,16.8299999237061,1,0,0,12,18,36,1,0,2.82316303253174,216,1,12,18,0,0
566,25.6399993896484,0,0,0,16,29,51,1,0,3.24415349960327,464,0,0,0,0,0
567,9.25,1,0,0,12,39,57,0,0,2.22462344169617,468,1,12,39,0,0
568,19.4200000762939,0,0,0,16,30,52,1,0,2.96630334854126,480,0,0,0,0,0
569,12.7200002670288,0,0,0,16,14,36,0,0,2.54317569732666,224,0,0,0,0,0
570,18.4400005340576,0,0,1,12,21,39,0,0,2.91452217102051,252,0,0,0,0,0
571,4.8600001335144,0,0,1,7,52,65,0,0,1.58103847503662,364,0,0,0,0,0
572,12,0,0,0,12,24,42,0,0,2.4849066734314,288,0,0,0,0,0
573,38.4599990844727,0,0,0,16,23,45,1,0,3.64961862564087,368,0,0,0,0,0
574,8.43000030517578,0,1,1,12,22,40,0,0,2.13179683685303,264,0,0,0,1,12
575,7,1,1,1,7,21,34,0,1,1.94591009616852,147,1,7,21,1,7
576,14.1000003814697,0,1,1,16,11,33,1,0,2.64617490768433,176,0,0,0,1,16
577,11,0,0,0,16,24,46,0,0,2.39789533615112,384,0,0,0,0,0
578,26.6000003814697,0,0,0,12,38,56,1,0,3.2809112071991,456,0,0,0,0,0
579,13,1,1,0,12,16,34,0,1,2.56494927406311,192,1,12,16,1,12
580,15,0,0,0,12,32,50,0,0,2.70805025100708,384,0,0,0,0,0
581,5,1,1,0,12,7,25,0,1,1.60943794250488,84,1,12,7,1,12
582,7.5,0,1,1,16,25,47,0,0,2.01490306854248,400,0,0,0,1,16
583,19,1,1,0,12,30,48,0,1,2.94443893432617,360,1,12,30,1,12
584,7,1,0,0,12,13,31,0,0,1.94591009616852,156,1,12,13,0,0
585,16.3500003814697,0,0,0,18,10,34,0,0,2.79422783851624,180,0,0,0,0,0
586,9.68000030517578,1,0,0,12,17,35,0,0,2.27006196975708,204,1,12,17,0,0
587,9.5,1,0,0,12,43,61,0,0,2.25129175186157,516,1,12,43,0,0
588,35.3800010681152,0,0,0,16,16,38,1,0,3.56614661216736,256,0,0,0,0,0
589,13.6400003433228,0,0,0,12,17,35,1,0,2.61300659179687,204,0,0,0,0,0
590,16.8299999237061,0,1,0,12,38,56,1,0,2.82316303253174,456,0,0,0,1,12
591,6.19000005722046,0,0,0,12,22,40,0,0,1.82293510437012,264,0,0,0,0,0
592,27.4699993133545,0,0,0,16,25,47,1,0,3.3130943775177,400,0,0,0,0,0
593,13.1000003814697,1,0,1,12,34,52,0,0,2.57261228561401,408,1,12,34,0,0
594,10.3000001907349,1,0,0,12,14,32,0,0,2.33214402198791,168,1,12,14,0,0
595,8,0,0,0,12,4,22,0,0,2.0794415473938,48,0,0,0,0,0
596,7.78000020980835,0,0,0,12,21,39,0,0,2.05155634880066,252,0,0,0,0,0
597,5,1,0,0,16,1,23,0,0,1.60943794250488,16,1,16,1,0,0
598,30.5799999237061,0,0,0,16,21,43,1,0,3.4203462600708,336,0,0,0,0,0
599,10,0,0,1,12,32,50,0,0,2.30258512496948,384,0,0,0,0,0
600,16.3500003814697,1,0,0,20,13,39,1,0,2.79422783851624,260,1,20,13,0,0
601,9.5,0,0,0,12,12,30,0,0,2.25129175186157,144,0,0,0,0,0
602,12.1199998855591,1,0,0,12,40,58,0,0,2.4948570728302,480,1,12,40,0,0
603,17.2700004577637,1,0,0,16,19,41,0,0,2.84897089004517,304,1,16,19,0,0
604,12,1,0,1,14,8,28,0,0,2.4849066734314,112,1,14,8,0,0
605,5,1,1,0,12,19,37,0,1,1.60943794250488,228,1,12,19,1,12
606,25.4799995422363,0,0,0,12,16,34,1,0,3.23789381980896,192,0,0,0,0,0
607,5.5,1,1,0,12,13,31,0,1,1.70474803447723,156,1,12,13,1,12
608,32.9300003051758,0,1,0,20,13,39,1,0,3.49438405036926,260,0,0,0,1,20
609,6.40000009536743,1,1,0,12,6,24,1,1,1.85629796981812,72,1,12,6,1,12
610,20.2000007629395,0,0,0,12,16,34,1,0,3.00568270683289,192,0,0,0,0,0
611,14,0,0,0,11,29,46,0,0,2.63905739784241,319,0,0,0,0,0
612,6,1,0,0,12,6,24,0,0,1.7917594909668,72,1,12,6,0,0
613,9.63000011444092,1,0,0,12,16,34,1,0,2.26488327980041,192,1,12,16,0,0
614,9.60999965667725,0,0,0,20,9,35,1,0,2.26280426979065,180,0,0,0,0,0
615,8.89999961853027,0,1,0,14,9,29,0,0,2.1860511302948,126,0,0,0,1,14
616,16.6700000762939,0,0,0,12,3,21,1,0,2.81361079216003,36,0,0,0,0,0
617,11,0,0,0,12,3,21,0,0,2.39789533615112,36,0,0,0,0,0
618,7.69999980926514,1,1,0,12,6,24,0,1,2.04122018814087,72,1,12,6,1,12
619,14.4300003051758,0,0,0,12,20,38,1,0,2.66930937767029,240,0,0,0,0,0
620,24.8700008392334,1,0,0,16,28,50,0,0,3.21366238594055,448,1,16,28,0,0
621,19,1,1,0,14,18,38,0,1,2.94443893432617,252,1,14,18,1,14
622,4.5,1,1,0,12,16,34,0,1,1.5040774345398,192,1,12,16,1,12
623,6,0,1,0,12,47,65,0,0,1.7917594909668,564,0,0,0,1,12
624,21.0799999237061,0,0,0,16,14,36,1,0,3.04832482337952,224,0,0,0,0,0
625,9.57999992370606,1,1,0,14,13,33,0,1,2.25967764854431,182,1,14,13,1,14
626,12,0,0,0,12,30,48,0,0,2.4849066734314,360,0,0,0,0,0
627,7.07000017166138,1,1,1,12,12,30,0,1,1.95586049556732,144,1,12,12,1,12
628,7,1,0,0,12,16,34,1,0,1.94591009616852,192,1,12,16,0,0
629,10.5799999237061,1,0,0,16,0,22,1,0,2.3589653968811,0,1,16,0,0,0
630,8.56999969482422,1,0,0,12,27,45,1,0,2.14826774597168,324,1,12,27,0,0
631,7.17999982833862,1,0,0,12,10,28,1,0,1.97129940986633,120,1,12,10,0,0
632,9.60999965667725,1,0,0,12,13,31,1,0,2.26280426979065,156,1,12,13,0,0
633,12.5,1,0,0,16,8,30,1,0,2.52572870254517,128,1,16,8,0,0
634,6.25,1,1,0,12,16,34,0,1,1.83258152008057,192,1,12,16,1,12
635,6,0,0,0,12,45,63,0,0,1.7917594909668,540,0,0,0,0,0
636,10,1,0,0,12,4,22,0,0,2.30258512496948,48,1,12,4,0,0
637,24.0300006866455,0,1,0,20,32,58,1,0,3.17930316925049,640,0,0,0,1,20
638,38.4599990844727,0,0,0,16,18,40,1,0,3.64961862564087,288,0,0,0,0,0
639,5.5,0,0,0,16,8,30,0,0,1.70474803447723,128,0,0,0,0,0
640,14.4300003051758,0,0,0,18,17,41,1,0,2.66930937767029,306,0,0,0,0,0
641,10,0,0,0,11,26,43,0,0,2.30258512496948,286,0,0,0,0,0
642,18,0,0,0,16,21,43,0,0,2.89037179946899,336,0,0,0,0,0
643,6.15000009536743,1,0,0,12,3,21,0,0,1.81645214557648,36,1,12,3,0,0
644,23.75,0,0,1,18,28,52,1,0,3.16758251190186,504,0,0,0,0,0
645,9.25,0,0,0,12,28,46,0,0,2.22462344169617,336,0,0,0,0,0
646,8.07999992370606,0,0,0,12,29,47,1,0,2.0893919467926,348,0,0,0,0,0
647,5,1,0,0,12,29,47,0,0,1.60943794250488,348,1,12,29,0,0
648,12.3999996185303,0,0,0,12,18,36,0,0,2.51769638061523,216,0,0,0,0,0
649,5,1,0,0,12,24,42,0,0,1.60943794250488,288,1,12,24,0,0
650,6.92000007629395,0,0,0,12,26,44,1,0,1.93441581726074,312,0,0,0,0,0
651,7.84000015258789,1,0,0,12,33,51,0,0,2.05923891067505,396,1,12,33,0,0
652,6.88000011444092,1,0,0,12,16,34,1,0,1.92861866950989,192,1,12,16,0,0
653,6.34999990463257,1,0,0,12,15,33,0,0,1.8484548330307,180,1,12,15,0,0
654,8.25,1,0,0,12,17,35,0,0,2.11021327972412,204,1,12,17,0,0
655,12.8000001907349,0,0,0,14,27,47,0,0,2.54944515228271,378,0,0,0,0,0
656,19.2399997711182,1,0,0,12,25,43,1,0,2.95699143409729,300,1,12,25,0,0
657,15,1,0,0,14,14,34,0,0,2.70805025100708,196,1,14,14,0,0
658,7,1,0,0,16,8,30,0,0,1.94591009616852,128,1,16,8,0,0
659,6,0,0,0,12,5,23,0,0,1.7917594909668,60,0,0,0,0,0
660,7.30000019073486,1,0,0,16,17,39,1,0,1.98787438869476,272,1,16,17,0,0
661,5,1,0,0,12,3,21,0,0,1.60943794250488,36,1,12,3,0,0
662,20.8500003814697,1,0,0,16,19,41,1,0,3.03735399246216,304,1,16,19,0,0
663,12.25,1,0,0,16,0,22,0,0,2.50552582740784,0,1,16,0,0,0
664,6.73000001907349,1,0,0,12,9,27,1,0,1.90657520294189,108,1,12,9,0,0
665,11.539999961853,0,0,0,18,32,56,1,0,2.44581913948059,576,0,0,0,0,0
666,5,1,0,0,12,31,49,1,0,1.60943794250488,372,1,12,31,0,0
667,20.2000007629395,0,0,0,12,31,49,1,0,3.00568270683289,372,0,0,0,0,0
668,18.75,0,0,1,12,34,52,1,0,2.93119382858276,408,0,0,0,0,0
669,4.90000009536743,0,0,0,16,1,23,1,0,1.58923518657684,16,0,0,0,0,0
670,9.61999988555908,0,0,0,12,10,28,1,0,2.26384425163269,120,0,0,0,0,0
671,8.64999961853027,0,0,0,14,24,44,1,0,2.15755939483643,336,0,0,0,0,0
672,9.18000030517578,1,0,0,14,7,27,1,0,2.21702718734741,98,1,14,7,0,0
673,5,0,0,0,12,6,24,0,0,1.60943794250488,72,0,0,0,0,0
674,7.5,0,0,0,12,41,59,1,0,2.01490306854248,492,0,0,0,0,0
675,20.2000007629395,0,1,0,16,37,59,1,0,3.00568270683289,592,0,0,0,1,16
676,4.65999984741211,1,0,0,12,6,24,0,0,1.53901541233063,72,1,12,6,0,0
677,4.25,0,0,0,11,19,36,0,0,1.44691896438599,209,0,0,0,0,0
678,9.23999977111816,1,0,1,16,2,24,1,0,2.22354197502136,32,1,16,2,0,0
679,13.460000038147,0,1,0,12,15,33,1,0,2.59972238540649,180,0,0,0,1,12
680,13.6400003433228,0,0,0,14,21,41,1,0,2.61300659179687,294,0,0,0,0,0
681,7.5,0,1,0,7,14,27,0,0,2.01490306854248,98,0,0,0,1,7
682,7.25,0,1,0,16,30,52,0,0,1.981001496315,480,0,0,0,1,16
683,9.22999954223633,1,1,0,12,10,28,1,1,2.22245907783508,120,1,12,10,1,12
684,14.3999996185303,0,0,1,12,32,50,1,0,2.66722822189331,384,0,0,0,0,0
685,13,1,0,0,12,9,27,0,0,2.56494927406311,108,1,12,9,0,0
686,15.5799999237061,0,0,1,12,35,53,1,0,2.74598813056946,420,0,0,0,0,0
687,5.78000020980835,1,0,0,12,30,48,1,0,1.7544037103653,360,1,12,30,0,0
688,15.5600004196167,0,0,0,12,21,39,1,0,2.74470353126526,252,0,0,0,0,0
689,13.8900003433228,1,0,0,12,18,36,1,0,2.63116908073425,216,1,12,18,0,0
690,18.4500007629395,0,0,0,12,35,53,1,0,2.91506433486938,420,0,0,0,0,0
691,6,0,0,0,12,5,23,0,0,1.7917594909668,60,0,0,0,0,0
692,5,1,0,0,12,23,41,0,0,1.60943794250488,276,1,12,23,0,0
693,7.1399998664856,1,0,0,12,5,23,0,0,1.96571278572083,60,1,12,5,0,0
694,7.07999992370606,0,0,0,12,21,39,1,0,1.95727384090424,252,0,0,0,0,0
695,5,0,0,0,12,13,31,1,0,1.60943794250488,156,0,0,0,0,0
696,13.460000038147,1,0,1,18,24,48,1,0,2.59972238540649,432,1,18,24,0,0
697,33,0,0,0,12,47,65,0,0,3.49650764465332,564,0,0,0,0,0
698,12.9099998474121,0,0,1,11,21,38,0,0,2.55800223350525,231,0,0,0,0,0
699,4.5,1,0,0,14,13,33,0,0,1.5040774345398,182,1,14,13,0,0
700,5,1,0,1,12,17,35,0,0,1.60943794250488,204,1,12,17,0,0
701,13,0,0,1,12,13,31,0,0,2.56494927406311,156,0,0,0,0,0
702,10,1,0,0,10,23,39,0,0,2.30258512496948,230,1,10,23,0,0
703,34.9599990844727,1,0,0,20,6,32,1,0,3.55420446395874,120,1,20,6,0,0
704,12.6599998474121,1,1,1,14,6,26,1,1,2.53844738006592,84,1,14,6,1,14
705,17.2999992370605,0,1,0,18,4,28,1,0,2.85070633888245,72,0,0,0,1,18
706,18.2900009155273,1,0,1,12,30,48,1,0,2.90635442733765,360,1,12,30,0,0
707,48.0800018310547,0,0,0,16,2,24,1,0,3.87286639213562,32,0,0,0,0,0
708,19.2399997711182,0,0,0,16,28,50,1,0,2.95699143409729,448,0,0,0,0,0
709,12,0,0,0,12,25,43,0,0,2.4849066734314,300,0,0,0,0,0
710,22.7299995422363,1,0,1,16,42,64,1,0,3.12368559837341,672,1,16,42,0,0
711,12,0,0,0,12,20,38,1,0,2.4849066734314,240,0,0,0,0,0
712,17.7800006866455,1,0,0,14,24,44,1,0,2.87807416915894,336,1,14,24,0,0
713,8.89000034332275,1,0,0,12,37,55,1,0,2.18492698669434,444,1,12,37,0,0
714,15,0,0,1,12,35,53,0,0,2.70805025100708,420,0,0,0,0,0
715,13,1,0,1,11,33,50,0,0,2.56494927406311,363,1,11,33,0,0
716,64.0800018310547,1,0,0,16,12,34,1,0,4.16013240814209,192,1,16,12,0,0
717,14,0,0,0,12,23,41,1,0,2.63905739784241,276,0,0,0,0,0
718,12,0,0,0,14,9,29,0,0,2.4849066734314,126,0,0,0,0,0
719,7,0,1,0,5,22,33,0,0,1.94591009616852,110,0,0,0,1,5
720,27.7000007629395,0,0,0,16,15,37,1,0,3.32143235206604,240,0,0,0,0,0
721,9,0,0,0,12,11,29,0,0,2.19722461700439,132,0,0,0,0,0
722,11,0,0,0,12,27,45,0,0,2.39789533615112,324,0,0,0,0,0
723,1.57000005245209,0,1,0,16,6,28,1,0,0.45107564330101,96,0,0,0,1,16
724,6.05000019073486,1,1,0,12,4,22,0,1,1.80005824565887,48,1,12,4,1,12
725,15,1,0,0,12,27,45,0,0,2.70805025100708,324,1,12,27,0,0
726,19.25,0,0,1,12,22,40,1,0,2.95751094818115,264,0,0,0,0,0
727,10.4200000762939,0,0,0,16,19,41,1,0,2.34372711181641,304,0,0,0,0,0
728,10.3000001907349,0,0,0,12,32,50,0,0,2.33214402198791,384,0,0,0,0,0
729,13.8400001525879,0,0,0,16,11,33,1,0,2.62756299972534,176,0,0,0,0,0
730,12,1,0,1,12,17,35,0,0,2.4849066734314,204,1,12,17,0,0
731,8.64999961853027,0,0,0,12,13,31,0,0,2.15755939483643,156,0,0,0,0,0
732,30.2399997711182,1,0,1,18,22,46,1,0,3.40916562080383,396,1,18,22,0,0
733,11.5,1,0,0,12,22,40,0,0,2.44234704971313,264,1,12,22,0,0
734,11.539999961853,0,0,0,12,14,32,1,0,2.44581913948059,168,0,0,0,0,0
735,20.2000007629395,0,0,0,16,6,28,1,0,3.00568270683289,96,0,0,0,0,0
736,50,1,0,0,16,7,29,0,0,3.91202306747437,112,1,16,7,0,0
737,13,0,0,1,12,42,60,0,0,2.56494927406311,504,0,0,0,0,0
738,4.25,1,0,0,12,25,43,0,0,1.44691896438599,300,1,12,25,0,0
739,7.69999980926514,0,0,1,12,45,63,1,0,2.04122018814087,540,0,0,0,0,0
740,15.9399995803833,1,0,0,12,16,34,1,0,2.76883172988892,192,1,12,16,0,0
741,25.8199996948242,0,0,1,12,33,51,0,0,3.25114941596985,396,0,0,0,0,0
742,14,1,0,0,12,33,51,0,0,2.63905739784241,396,1,12,33,0,0
743,12.5,1,0,1,14,30,50,0,0,2.52572870254517,420,1,14,30,0,0
744,25.2900009155273,1,0,0,12,44,62,1,0,3.23040914535522,528,1,12,44,0,0
745,8.64999961853027,0,0,0,12,14,32,0,0,2.15755939483643,168,0,0,0,0,0
746,14,0,0,1,12,8,26,0,0,2.63905739784241,96,0,0,0,0,0
747,12,0,0,0,12,28,46,0,0,2.4849066734314,336,0,0,0,0,0
748,14.4300003051758,0,0,1,16,22,44,1,0,2.66930937767029,352,0,0,0,0,0
749,29.9099998474121,0,0,0,18,22,46,1,0,3.39819288253784,396,0,0,0,0,0
750,10.25,0,0,0,16,11,33,0,0,2.32727766036987,176,0,0,0,0,0
751,18.8400001525879,0,0,0,18,27,51,1,0,2.93598222732544,486,0,0,0,0,0
752,12,1,0,0,12,43,61,1,0,2.4849066734314,516,1,12,43,0,0
753,25,0,0,1,12,43,61,0,0,3.21887588500977,516,0,0,0,0,0
754,6.65000009536743,1,0,0,14,17,37,0,0,1.8946168422699,238,1,14,17,0,0
755,18,0,1,1,12,47,65,0,0,2.89037179946899,564,0,0,0,1,12
756,5,0,1,0,16,26,48,1,0,1.60943794250488,416,0,0,0,1,16
757,6.5,1,0,0,12,28,46,0,0,1.8718022108078,336,1,12,28,0,0
758,23.0799999237061,0,0,0,18,15,39,1,0,3.13896632194519,270,0,0,0,0,0
759,10.5,0,0,0,12,7,25,0,0,2.35137534141541,84,0,0,0,0,0
760,10,0,0,1,12,6,24,0,0,2.30258512496948,72,0,0,0,0,0
761,8.75,0,1,0,12,4,22,1,0,2.16905379295349,48,0,0,0,1,12
762,15.4700002670288,1,1,0,14,21,41,0,1,2.73890256881714,294,1,14,21,1,14
763,42.5499992370605,0,0,0,20,27,53,1,0,3.75067973136902,540,0,0,0,0,0
764,6,1,1,0,12,3,21,0,1,1.7917594909668,36,1,12,3,1,12
765,6.25,1,0,0,12,12,30,1,0,1.83258152008057,144,1,12,12,0,0
766,4,1,0,0,10,6,22,0,0,1.3862943649292,60,1,10,6,0,0
767,16.8299999237061,0,0,0,12,42,60,1,0,2.82316303253174,504,0,0,0,0,0
768,7,0,0,0,12,6,24,0,0,1.94591009616852,72,0,0,0,0,0
769,5.44000005722046,0,0,0,20,36,62,1,0,1.69377911090851,720,0,0,0,0,0
770,5,1,0,0,11,1,18,0,0,1.60943794250488,11,1,11,1,0,0
771,11,0,0,0,14,25,45,0,0,2.39789533615112,350,0,0,0,0,0
772,6.88000011444092,0,1,0,12,13,31,1,0,1.92861866950989,156,0,0,0,1,12
773,11,0,1,1,12,10,28,0,0,2.39789533615112,120,0,0,0,1,12
774,19.2399997711182,0,0,0,18,9,33,1,0,2.95699143409729,162,0,0,0,0,0
775,10.1000003814697,0,0,0,12,30,48,0,0,2.31253552436829,360,0,0,0,0,0
776,9.52999973297119,0,0,0,12,13,31,0,0,2.25444459915161,156,0,0,0,0,0
777,9.35000038146973,0,0,1,12,17,35,0,0,2.23537635803223,204,0,0,0,0,0
778,7,0,1,0,12,18,36,0,0,1.94591009616852,216,0,0,0,1,12
779,31.8600006103516,0,0,0,12,31,49,1,0,3.46135139465332,372,0,0,0,0,0
780,12.5,1,0,1,12,34,52,0,0,2.52572870254517,408,1,12,34,0,0
781,28.8500003814697,1,0,0,16,10,32,1,0,3.36210989952087,160,1,16,10,0,0
782,8,1,0,0,12,9,27,0,0,2.0794415473938,108,1,12,9,0,0
783,12.1800003051758,0,0,1,16,9,31,1,0,2.49979519844055,144,0,0,0,0,0
784,5,0,0,0,11,14,31,0,0,1.60943794250488,154,0,0,0,0,0
785,7.25,1,0,0,12,20,38,0,0,1.981001496315,240,1,12,20,0,0
786,18,1,0,0,16,17,39,0,0,2.89037179946899,272,1,16,17,0,0
787,8,0,0,1,12,12,30,0,0,2.0794415473938,144,0,0,0,0,0
788,8,0,0,1,12,10,28,0,0,2.0794415473938,120,0,0,0,0,0
789,16,1,0,0,16,12,34,1,0,2.7725887298584,192,1,16,12,0,0
790,8.64999961853027,0,0,0,12,22,40,1,0,2.15755939483643,264,0,0,0,0,0
791,14.4899997711182,0,0,1,12,33,51,0,0,2.67345881462097,396,0,0,0,0,0
792,3.75,1,0,0,12,31,49,1,0,1.32175588607788,372,1,12,31,0,0
793,7.5,0,0,0,16,4,26,1,0,2.01490306854248,64,0,0,0,0,0
794,9,1,0,0,12,0,18,1,0,2.19722461700439,0,1,12,0,0,0
795,3.5,0,1,0,12,4,22,1,0,1.25276291370392,48,0,0,0,1,12
796,27.5,0,1,1,12,30,48,1,0,3.31418609619141,360,0,0,0,1,12
797,20,0,0,0,12,11,29,0,0,2.99573230743408,132,0,0,0,0,0
798,12,1,1,1,12,24,42,0,1,2.4849066734314,288,1,12,24,1,12
799,3.75,1,1,1,0,56,62,1,1,1.32175588607788,0,1,0,56,1,0
800,45,1,0,0,18,16,40,0,0,3.80666255950928,288,1,18,16,0,0
801,6,1,0,0,9,13,28,0,0,1.7917594909668,117,1,9,13,0,0
802,21.1499996185303,1,0,0,20,3,29,1,0,3.05163979530334,60,1,20,3,0,0
803,16.8299999237061,0,1,0,16,14,36,1,0,2.82316303253174,224,0,0,0,1,16
804,8.05000019073486,0,0,0,14,24,44,0,0,2.08567214012146,336,0,0,0,0,0
805,22.2199993133545,0,0,0,16,15,37,1,0,3.10099267959595,240,0,0,0,0,0
806,3.07999992370605,0,1,0,12,11,29,1,0,1.12492954730988,132,0,0,0,1,12
807,42.7299995422363,0,0,0,18,16,40,1,0,3.75490117073059,288,0,0,0,0,0
808,35,1,0,1,12,19,37,1,0,3.55534815788269,228,1,12,19,0,0
809,49.4599990844727,0,0,0,16,23,45,1,0,3.90116429328918,368,0,0,0,0,0
810,17.2999992370605,0,0,0,12,32,50,1,0,2.85070633888245,384,0,0,0,0,0
811,15.8500003814697,1,0,0,12,30,48,1,0,2.76316952705383,360,1,12,30,0,0
812,11.2200002670288,1,0,0,18,21,45,1,0,2.41769790649414,378,1,18,21,0,0
813,17.2800006866455,1,0,1,16,43,65,0,0,2.84954977035522,688,1,16,43,0,0
814,5,1,0,0,12,15,33,0,0,1.60943794250488,180,1,12,15,0,0
815,11.25,1,0,0,12,9,27,1,0,2.42036819458008,108,1,12,9,0,0
816,13,0,1,1,5,34,45,0,0,2.56494927406311,170,0,0,0,1,5
817,26.9200000762939,0,0,0,18,11,35,1,0,3.29286956787109,198,0,0,0,0,0
818,6.25,1,1,0,12,13,31,1,1,1.83258152008057,156,1,12,13,1,12
819,48.0800018310547,1,0,0,16,20,42,1,0,3.87286639213562,320,1,16,20,0,0
820,19.2199993133545,0,0,0,16,14,36,1,0,2.95595145225525,224,0,0,0,0,0
821,13.75,1,0,0,14,8,28,1,0,2.62103891372681,112,1,14,8,0,0
822,9.26000022888184,0,0,0,16,26,48,1,0,2.22570395469666,416,0,0,0,0,0
823,6.5,1,0,0,14,7,27,0,0,1.8718022108078,98,1,14,7,0,0
824,6.59999990463257,1,0,0,16,0,22,0,0,1.88706958293915,0,1,16,0,0,0
825,14.289999961853,1,0,0,14,30,50,1,0,2.65955996513367,420,1,14,30,0,0
826,15.710000038147,1,0,0,16,13,35,1,0,2.75429749488831,208,1,16,13,0,0
827,23.5499992370605,0,0,0,18,26,50,1,0,3.15912580490112,468,0,0,0,0,0
828,16.0300006866455,0,0,0,12,12,30,1,0,2.7744619846344,144,0,0,0,0,0
829,18,0,1,1,12,30,48,0,0,2.89037179946899,360,0,0,0,1,12
830,12.1400003433228,0,1,1,12,23,41,0,0,2.49650573730469,276,0,0,0,1,12
831,12,0,1,0,18,6,30,0,0,2.4849066734314,108,0,0,0,1,18
832,17.7600002288818,1,0,0,12,38,56,1,0,2.87694883346558,456,1,12,38,0,0
833,18,0,0,1,12,23,41,0,0,2.89037179946899,276,0,0,0,0,0
834,11,0,0,0,12,17,35,0,0,2.39789533615112,204,0,0,0,0,0
835,12,0,0,1,12,30,48,0,0,2.4849066734314,360,0,0,0,0,0
836,9.22000026702881,0,0,0,12,30,48,1,0,2.22137498855591,360,0,0,0,0,0
837,4.25,1,0,0,12,21,39,0,0,1.44691896438599,252,1,12,21,0,0
838,17.9599990844727,1,0,0,16,7,29,1,0,2.8881471157074,112,1,16,7,0,0
839,6,1,0,1,12,0,18,0,0,1.7917594909668,0,1,12,0,0,0
840,11.25,0,0,1,12,15,33,1,0,2.42036819458008,180,0,0,0,0,0
841,12.7299995422363,1,0,1,18,17,41,1,0,2.5439612865448,306,1,18,17,0,0
842,8,0,0,1,12,20,38,0,0,2.0794415473938,240,0,0,0,0,0
843,4.75,1,0,0,10,3,19,0,0,1.55814456939697,30,1,10,3,0,0
844,7.34999990463257,1,0,0,12,18,36,0,0,1.99470031261444,216,1,12,18,0,0
845,27.7000007629395,1,0,0,12,33,51,1,0,3.32143235206604,396,1,12,33,0,0
846,19.2299995422363,0,0,0,18,27,51,1,0,2.95647144317627,486,0,0,0,0,0
847,9.05000019073486,1,0,0,12,27,45,1,0,2.20276474952698,324,1,12,27,0,0
848,19.2299995422363,0,0,0,12,14,32,1,0,2.95647144317627,168,0,0,0,0,0
849,8.84000015258789,0,0,0,16,0,22,1,0,2.17928695678711,0,0,0,0,0,0
850,17.2999992370605,0,0,0,18,20,44,1,0,2.85070633888245,360,0,0,0,0,0
851,13.4499998092651,1,0,1,16,23,45,1,0,2.59897899627686,368,1,16,23,0,0
852,8.5,0,0,0,12,25,43,0,0,2.14006614685059,300,0,0,0,0,0
853,12.6599998474121,1,0,0,16,20,42,1,0,2.53844738006592,320,1,16,20,0,0
854,18.6000003814697,1,0,0,16,4,26,1,0,2.92316150665283,64,1,16,4,0,0
855,11.2200002670288,0,0,0,14,26,46,1,0,2.41769790649414,364,0,0,0,0,0
856,10.3500003814697,0,0,0,12,4,22,1,0,2.33698654174805,48,0,0,0,0,0
857,14.4399995803833,0,0,0,12,43,61,1,0,2.67000222206116,516,0,0,0,0,0
858,6.65999984741211,1,0,0,12,40,58,0,0,1.89611947536469,480,1,12,40,0,0
859,13.6499996185303,0,0,0,7,35,48,1,0,2.61373949050903,245,0,0,0,0,0
860,4.34999990463257,1,1,0,12,23,41,0,1,1.47017586231232,276,1,12,23,1,12
861,14.4300003051758,0,0,0,12,30,48,1,0,2.66930937767029,360,0,0,0,0,0
862,6.25,1,0,0,12,44,62,1,0,1.83258152008057,528,1,12,44,0,0
863,16.2000007629395,1,0,0,16,21,43,0,0,2.78501129150391,336,1,16,21,0,0
864,7.5,1,1,0,12,16,34,0,1,2.01490306854248,192,1,12,16,1,12
865,5,0,1,0,12,7,25,0,0,1.60943794250488,84,0,0,0,1,12
866,6,1,0,0,12,19,37,0,0,1.7917594909668,228,1,12,19,0,0
867,38.4599990844727,0,0,0,18,21,45,1,0,3.64961862564087,378,0,0,0,0,0
868,34.9599990844727,0,0,0,18,24,48,1,0,3.55420446395874,432,0,0,0,0,0
869,10.7799997329712,0,0,0,12,30,48,1,0,2.37769246101379,360,0,0,0,0,0
870,16.8299999237061,0,0,0,12,43,61,1,0,2.82316303253174,516,0,0,0,0,0
871,32.0499992370605,0,0,0,20,23,49,1,0,3.46729707717895,460,0,0,0,0,0
872,5,1,0,0,10,42,58,0,0,1.60943794250488,420,1,10,42,0,0
873,12.0299997329712,0,0,1,10,34,50,1,0,2.48740339279175,340,0,0,0,0,0
874,9.31999969482422,0,0,0,12,11,29,0,0,2.23216271400452,132,0,0,0,0,0
875,8,0,0,0,12,9,27,0,0,2.0794415473938,108,0,0,0,0,0
876,5.5,1,0,0,12,33,51,0,0,1.70474803447723,396,1,12,33,0,0
877,6,1,0,0,12,13,31,0,0,1.7917594909668,156,1,12,13,0,0
878,7,0,0,0,7,17,30,0,0,1.94591009616852,119,0,0,0,0,0
879,33.3300018310547,0,0,0,16,7,29,1,0,3.50645804405212,112,0,0,0,0,0
880,5,1,0,0,12,10,28,0,0,1.60943794250488,120,1,12,10,0,0
881,8.3100004196167,1,0,0,12,10,28,0,0,2.11745977401733,120,1,12,10,0,0
882,15,1,0,0,14,7,27,0,0,2.70805025100708,98,1,14,7,0,0
883,22.1299991607666,0,0,0,16,28,50,1,0,3.0969340801239,448,0,0,0,0,0
884,17.8600006103516,1,0,1,18,20,44,1,0,2.88256359100342,360,1,18,20,0,0
885,32.0499992370605,0,0,1,16,12,34,0,0,3.46729707717895,192,0,0,0,0,0
886,23.5,0,0,0,16,10,32,0,0,3.15700030326843,160,0,0,0,0,0
887,30.6200008392334,0,0,0,18,15,39,1,0,3.42165350914001,270,0,0,0,0,0
888,16,1,0,0,12,29,47,0,0,2.7725887298584,348,1,12,29,0,0
889,3.84999990463257,1,0,0,14,3,23,1,0,1.34807312488556,42,1,14,3,0,0
890,6.23999977111816,1,1,0,12,26,44,0,1,1.83098018169403,312,1,12,26,1,12
891,6.88000011444092,0,0,0,7,39,52,0,0,1.92861866950989,273,0,0,0,0,0
892,6.67000007629395,0,0,0,10,37,53,1,0,1.89761984348297,370,0,0,0,0,0
893,7.5,1,0,0,12,34,52,0,0,2.01490306854248,408,1,12,34,0,0
894,9.69999980926514,0,0,0,9,30,45,0,0,2.27212595939636,270,0,0,0,0,0
895,6.51999998092651,0,0,0,9,34,49,0,0,1.87487435340881,306,0,0,0,0,0
896,9.60000038146973,1,0,0,16,25,47,1,0,2.26176309585571,400,1,16,25,0,0
897,11,1,0,0,16,11,33,0,0,2.39789533615112,176,1,16,11,0,0
898,11.0500001907349,1,0,0,16,2,24,1,0,2.40243053436279,32,1,16,2,0,0
899,6.5,1,1,0,9,21,36,0,1,1.8718022108078,189,1,9,21,1,9
900,5.75,0,0,0,16,13,35,0,0,1.74919986724854,208,0,0,0,0,0
901,5.40000009536743,1,0,0,12,2,20,0,0,1.68639898300171,24,1,12,2,0,0
902,6.78000020980835,1,0,0,12,2,20,1,0,1.91397714614868,24,1,12,2,0,0
903,16,1,0,0,12,44,62,0,0,2.7725887298584,528,1,12,44,0,0
904,10.1599998474121,0,0,0,12,25,43,0,0,2.31845831871033,300,0,0,0,0,0
905,1.5,1,0,0,14,17,37,0,0,0.405465096235275,238,1,14,17,0,0
906,9.32999992370606,0,0,0,16,4,26,1,0,2.23323512077332,64,0,0,0,0,0
907,13.5200004577637,1,0,1,12,27,45,0,0,2.60417008399963,324,1,12,27,0,0
908,4.25,0,0,0,12,4,22,0,0,1.44691896438599,48,0,0,0,0,0
909,15,0,0,1,12,29,47,0,0,2.70805025100708,348,0,0,0,0,0
910,18.1299991607666,0,0,1,14,22,42,0,0,2.89756798744202,308,0,0,0,0,0
911,6.25,0,0,0,12,22,40,0,0,1.83258152008057,264,0,0,0,0,0
912,5.80000019073486,0,0,0,12,3,21,0,0,1.75785791873932,36,0,0,0,0,0
913,4.25,1,0,0,12,1,19,0,0,1.44691896438599,12,1,12,1,0,0
914,6.34999990463257,1,0,0,12,44,62,0,0,1.8484548330307,528,1,12,44,0,0
915,14.4300003051758,1,0,1,18,21,45,1,0,2.66930937767029,378,1,18,21,0,0
916,11,0,0,0,0,51,57,0,0,2.39789533615112,0,0,0,0,0,0
917,12.0299997329712,1,1,1,16,41,63,1,1,2.48740339279175,656,1,16,41,1,16
918,9,1,1,0,12,15,33,0,1,2.19722461700439,180,1,12,15,1,12
919,6.5,1,0,0,16,4,26,0,0,1.8718022108078,64,1,16,4,0,0
920,9.78999996185303,1,0,0,16,8,30,0,0,2.28136134147644,128,1,16,8,0,0
921,6.15000009536743,0,0,0,12,21,39,1,0,1.81645214557648,252,0,0,0,0,0
922,12.2200002670288,0,0,1,16,9,31,1,0,2.50307393074036,144,0,0,0,0,0
923,6.19999980926514,1,0,0,12,26,44,0,0,1.82454931735992,312,1,12,26,0,0
924,22.1599998474121,0,0,0,12,40,58,1,0,3.09828877449036,480,0,0,0,0,0
925,12.8800001144409,0,0,1,12,24,42,0,0,2.55567574501038,288,0,0,0,0,0
926,12.1999998092651,0,0,0,12,26,44,0,0,2.50143599510193,312,0,0,0,0,0
927,28.8400001525879,0,0,0,18,15,39,1,0,3.36176323890686,270,0,0,0,0,0
928,6,1,0,0,12,4,22,0,0,1.7917594909668,48,1,12,4,0,0
929,13,1,0,0,14,31,51,0,0,2.56494927406311,434,1,14,31,0,0
930,5,1,1,0,10,26,42,0,1,1.60943794250488,260,1,10,26,1,10
931,9.52000045776367,1,0,0,12,44,62,1,0,2.25339484214783,528,1,12,44,0,0
932,7,1,0,0,12,13,31,0,0,1.94591009616852,156,1,12,13,0,0
933,9.5,0,0,0,12,20,38,0,0,2.25129175186157,240,0,0,0,0,0
934,2,0,0,0,11,1,18,0,0,0.6931471824646,11,0,0,0,0,0
935,15.8199996948242,0,0,0,12,9,27,1,0,2.76127505302429,108,0,0,0,0,0
936,30,1,0,0,20,17,43,1,0,3.40119743347168,340,1,20,17,0,0
937,9.61999988555908,1,0,0,14,5,25,1,0,2.26384425163269,70,1,14,5,0,0
938,14.8400001525879,1,0,0,12,44,62,0,0,2.69732618331909,528,1,12,44,0,0
939,11.5,0,0,0,16,4,26,0,0,2.44234704971313,64,0,0,0,0,0
940,31.25,0,0,0,16,39,61,1,0,3.44201946258545,624,0,0,0,0,0
941,33.560001373291,0,0,0,18,17,41,1,0,3.51333498954773,306,0,0,0,0,0
942,5,1,0,0,16,22,44,0,0,1.60943794250488,352,1,16,22,0,0
943,29.5799999237061,0,0,0,16,31,53,1,0,3.38709855079651,496,0,0,0,0,0
944,9.13000011444092,1,0,0,12,33,51,1,0,2.21156573295593,396,1,12,33,0,0
945,8.89000034332275,0,0,0,16,16,38,1,0,2.18492698669434,256,0,0,0,0,0
946,5.25,0,0,0,12,5,23,0,0,1.65822803974152,60,0,0,0,0,0
947,11,1,0,1,12,18,36,0,0,2.39789533615112,216,1,12,18,0,0
948,15.3500003814697,0,0,0,12,23,41,0,0,2.7311155796051,276,0,0,0,0,0
949,10.8500003814697,1,0,0,18,18,42,1,0,2.38416504859924,324,1,18,18,0,0
950,11.3199996948242,0,0,0,12,13,31,0,0,2.42657113075256,156,0,0,0,0,0
951,6.65000009536743,1,0,0,12,23,41,0,0,1.8946168422699,276,1,12,23,0,0
952,5,1,0,0,12,1,19,0,0,1.60943794250488,12,1,12,1,0,0
953,10.210000038147,1,0,1,12,12,30,0,0,2.32336759567261,144,1,12,12,0,0
954,5.51000022888184,1,0,0,12,22,40,0,0,1.7065646648407,264,1,12,22,0,0
955,10,0,0,0,16,37,59,0,0,2.30258512496948,592,0,0,0,0,0
956,20,0,0,0,12,20,38,0,0,2.99573230743408,240,0,0,0,0,0
957,1.14999997615814,0,0,0,12,43,61,1,0,0.139761924743652,516,0,0,0,0,0
958,14.4300003051758,0,0,0,12,16,34,1,0,2.66930937767029,192,0,0,0,0,0
959,9.30000019073486,1,0,0,12,24,42,0,0,2.23001432418823,288,1,12,24,0,0
960,8,0,0,0,12,6,24,0,0,2.0794415473938,72,0,0,0,0,0
961,7.96000003814697,1,0,0,12,30,48,0,0,2.07442903518677,360,1,12,30,0,0
962,11,0,0,1,12,19,37,0,0,2.39789533615112,228,0,0,0,0,0
963,5,0,0,0,12,29,47,0,0,1.60943794250488,348,0,0,0,0,0
964,33.6500015258789,0,0,0,16,27,49,1,0,3.51601314544678,432,0,0,0,0,0
965,5.5,1,0,0,12,13,31,0,0,1.70474803447723,156,1,12,13,0,0
966,14.8599996566772,0,0,0,12,17,35,1,0,2.69867300987244,204,0,0,0,0,0
967,4.5,1,0,0,11,1,18,0,0,1.5040774345398,11,1,11,1,0,0
968,12.3000001907349,0,0,1,16,18,40,1,0,2.50959920883179,288,0,0,0,0,0
969,42.7299995422363,0,0,0,16,24,46,1,0,3.75490117073059,384,0,0,0,0,0
970,18.6599998474121,1,0,1,12,31,49,0,0,2.92638230323792,372,1,12,31,0,0
971,11,1,0,0,12,26,44,1,0,2.39789533615112,312,1,12,26,0,0
972,10,1,0,0,16,2,24,0,0,2.30258512496948,32,1,16,2,0,0
973,7,0,0,1,12,34,52,0,0,1.94591009616852,408,0,0,0,0,0
974,11.7200002670288,0,0,0,12,32,50,0,0,2.46129679679871,384,0,0,0,0,0
975,5,1,0,0,12,3,21,0,0,1.60943794250488,36,1,12,3,0,0
976,18.25,0,0,0,12,25,43,0,0,2.90416502952576,300,0,0,0,0,0
977,5.5,0,0,0,12,35,53,0,0,1.70474803447723,420,0,0,0,0,0
978,6,1,0,0,12,14,32,0,0,1.7917594909668,168,1,12,14,0,0
979,5.44999980926514,1,0,0,12,18,36,0,0,1.69561553001404,216,1,12,18,0,0
980,5.82999992370606,1,0,0,12,46,64,1,0,1.76301693916321,552,1,12,46,0,0
981,14.4300003051758,0,0,0,12,27,45,1,0,2.66930937767029,324,0,0,0,0,0
982,6.73000001907349,1,0,0,12,12,30,1,0,1.90657520294189,144,1,12,12,0,0
983,12.5699996948242,0,1,1,12,28,46,0,0,2.53131294250488,336,0,0,0,1,12
984,5,0,0,0,12,6,24,0,0,1.60943794250488,72,0,0,0,0,0
985,8.39999961853027,0,1,0,14,30,50,1,0,2.12823176383972,420,0,0,0,1,14
986,4.69999980926514,1,0,0,11,1,18,0,0,1.54756247997284,11,1,11,1,0,0
987,10.25,1,0,0,12,11,29,0,0,2.32727766036987,132,1,12,11,0,0
988,12.4099998474121,0,0,1,12,8,26,0,0,2.51850247383118,96,0,0,0,0,0
989,5.44999980926514,1,0,0,12,39,57,0,0,1.69561553001404,468,1,12,39,0,0
990,48.0699996948242,0,0,0,20,37,63,1,0,3.87265825271606,740,0,0,0,0,0
991,19,1,0,1,14,14,34,0,0,2.94443893432617,196,1,14,14,0,0
992,8.86999988555908,0,0,0,14,25,45,0,0,2.18267488479614,350,0,0,0,0,0
993,7.5,0,0,0,12,10,28,0,0,2.01490306854248,120,0,0,0,0,0
994,10.3299999237061,1,0,0,12,42,60,1,0,2.3350522518158,504,1,12,42,0,0
995,10,0,0,0,18,20,44,0,0,2.30258512496948,360,0,0,0,0,0
996,10.1300001144409,1,0,0,16,2,24,1,0,2.31550121307373,32,1,16,2,0,0
997,14.6300001144409,0,0,0,16,30,52,1,0,2.68307423591614,480,0,0,0,0,0
998,11.6800003051758,1,0,0,12,19,37,1,0,2.45787811279297,228,1,12,19,0,0
999,12.5,0,0,0,14,9,29,1,0,2.52572870254517,126,0,0,0,0,0
1000,6.92000007629395,1,0,0,11,28,45,1,0,1.93441581726074,308,1,11,28,0,0
1001,13,0,0,0,16,5,27,0,0,2.56494927406311,80,0,0,0,0,0
1002,11.7700004577637,0,0,1,12,36,54,0,0,2.46555399894714,432,0,0,0,0,0
1003,6.5,1,1,0,12,7,25,0,1,1.8718022108078,84,1,12,7,1,12
1004,17.75,0,0,0,18,9,33,0,0,2.87638545036316,162,0,0,0,0,0
1005,9,1,0,0,14,10,30,0,0,2.19722461700439,140,1,14,10,0,0
1006,13,1,0,0,12,33,51,0,0,2.56494927406311,396,1,12,33,0,0
1007,13.4499998092651,0,0,0,16,12,34,1,0,2.59897899627686,192,0,0,0,0,0
1008,11,1,0,0,12,21,39,0,0,2.39789533615112,252,1,12,21,0,0
1009,7.55000019073486,0,0,0,16,9,31,0,0,2.02154755592346,144,0,0,0,0,0
1010,7,1,0,0,12,27,45,0,0,1.94591009616852,324,1,12,27,0,0
1011,20.2000007629395,0,0,0,16,29,51,1,0,3.00568270683289,464,0,0,0,0,0
1012,16.3500003814697,0,0,1,12,34,52,0,0,2.79422783851624,408,0,0,0,0,0
1013,13.460000038147,0,0,0,12,19,37,1,0,2.59972238540649,228,0,0,0,0,0
1014,12.5,0,0,0,12,29,47,1,0,2.52572870254517,348,0,0,0,0,0
1015,9.5,0,0,0,12,14,32,0,0,2.25129175186157,168,0,0,0,0,0
1016,20.1800003051758,0,0,0,18,17,41,1,0,3.00469207763672,306,0,0,0,0,0
1017,5,1,1,0,12,6,24,1,1,1.60943794250488,72,1,12,6,1,12
1018,5.25,1,0,0,12,6,24,0,0,1.65822803974152,72,1,12,6,0,0
1019,15,0,0,0,11,8,25,0,0,2.70805025100708,88,0,0,0,0,0
1020,4.25,0,0,0,16,16,38,0,0,1.44691896438599,256,0,0,0,0,0
1021,7.5,0,0,0,10,6,22,0,0,2.01490306854248,60,0,0,0,0,0
1022,15,0,0,0,12,34,52,0,0,2.70805025100708,408,0,0,0,0,0
1023,7.25,0,0,0,12,4,22,0,0,1.981001496315,48,0,0,0,0,0
1024,18,0,0,1,12,6,24,0,0,2.89037179946899,72,0,0,0,0,0
1025,23.0799999237061,0,0,0,12,16,34,1,0,3.13896632194519,192,0,0,0,0,0
1026,9.97999954223633,0,0,0,12,16,34,0,0,2.30058312416077,192,0,0,0,0,0
1027,6,1,0,0,16,1,23,0,0,1.7917594909668,16,1,16,1,0,0
1028,6.34999990463257,1,0,0,12,21,39,0,0,1.8484548330307,252,1,12,21,0,0
1029,6.15000009536743,0,0,0,12,5,23,0,0,1.81645214557648,60,0,0,0,0,0
1030,13,0,0,1,12,21,39,0,0,2.56494927406311,252,0,0,0,0,0
1031,9.63000011444092,1,0,0,12,7,25,1,0,2.26488327980041,84,1,12,7,0,0
1032,14.3999996185303,1,0,0,12,18,36,0,0,2.66722822189331,216,1,12,18,0,0
1033,6.25,1,0,0,16,19,41,1,0,1.83258152008057,304,1,16,19,0,0
1034,10.9300003051758,1,0,0,12,17,35,1,0,2.3915114402771,204,1,12,17,0,0
1035,14.4399995803833,0,0,0,14,19,39,1,0,2.67000222206116,266,0,0,0,0,0
1036,6,0,0,0,12,5,23,0,0,1.7917594909668,60,0,0,0,0,0
1037,4.75,0,0,0,11,1,18,0,0,1.55814456939697,11,0,0,0,0,0
1038,22.7600002288818,0,0,0,16,14,36,1,0,3.125004529953,224,0,0,0,0,0
1039,14.3999996185303,1,0,1,18,4,28,1,0,2.66722822189331,72,1,18,4,0,0
1040,5.75,1,1,0,16,18,40,0,1,1.74919986724854,288,1,16,18,1,16
1041,25.3999996185303,1,0,0,18,18,42,0,0,3.23474907875061,324,1,18,18,0,0
1042,15.75,1,0,0,12,9,27,1,0,2.756840467453,108,1,12,9,0,0
1043,11,0,0,0,12,29,47,0,0,2.39789533615112,348,0,0,0,0,0
1044,6,1,0,1,12,3,21,0,0,1.7917594909668,36,1,12,3,0,0
1045,7.5,1,1,0,12,14,32,1,1,2.01490306854248,168,1,12,14,1,12
1046,13.6999998092651,0,1,0,14,27,47,0,0,2.61739587783813,378,0,0,0,1,14
1047,7.5,0,1,0,11,2,19,0,0,2.01490306854248,22,0,0,0,1,11
1048,7.19999980926514,1,1,0,12,16,34,1,1,1.97408103942871,192,1,12,16,1,12
1049,9,0,1,0,12,3,21,1,0,2.19722461700439,36,0,0,0,1,12
1050,17,0,0,1,12,38,56,0,0,2.83321332931519,456,0,0,0,0,0
1051,4.75,0,0,0,12,42,60,0,0,1.55814456939697,504,0,0,0,0,0
1052,5.59999990463257,0,0,0,12,7,25,0,0,1.72276663780212,84,0,0,0,0,0
1053,9.5600004196167,1,0,0,12,34,52,0,0,2.25758767127991,408,1,12,34,0,0
1054,12.1999998092651,0,0,1,12,21,39,0,0,2.50143599510193,252,0,0,0,0,0
1055,12.5,0,0,0,20,8,34,1,0,2.52572870254517,160,0,0,0,0,0
1056,27.2000007629395,0,0,1,16,23,45,1,0,3.3032169342041,368,0,0,0,0,0
1057,29.9699993133545,0,0,1,18,22,46,1,0,3.40019679069519,396,0,0,0,0,0
1058,9,0,0,0,18,36,60,0,0,2.19722461700439,648,0,0,0,0,0
1059,7.73999977111816,0,0,0,12,14,32,0,0,2.04640173912048,168,0,0,0,0,0
1060,22.2199993133545,1,0,1,20,4,30,0,0,3.10099267959595,80,1,20,4,0,0
1061,13.6499996185303,0,0,0,12,17,35,0,0,2.61373949050903,204,0,0,0,0,0
1062,4.84999990463257,1,0,0,12,2,20,0,0,1.57897865772247,24,1,12,2,0,0
1063,12.9799995422363,1,0,0,16,26,48,1,0,2.56340956687927,416,1,16,26,0,0
1064,5,1,0,0,12,38,56,0,0,1.60943794250488,456,1,12,38,0,0
1065,16,0,0,0,12,22,40,0,0,2.7725887298584,264,0,0,0,0,0
1066,11.25,1,0,0,16,4,26,1,0,2.42036819458008,64,1,16,4,0,0
1067,6.5,0,1,0,9,11,26,0,0,1.8718022108078,99,0,0,0,1,9
1068,6.19999980926514,1,0,0,12,1,19,0,0,1.82454931735992,12,1,12,1,0,0
1069,5,1,0,0,12,23,41,0,0,1.60943794250488,276,1,12,23,0,0
1070,6.94000005722046,1,0,0,11,22,39,1,0,1.93730175495148,242,1,11,22,0,0
1071,50,1,0,0,10,36,52,0,0,3.91202306747437,360,1,10,36,0,0
1072,10.8400001525879,0,0,0,12,11,29,1,0,2.38324308395386,132,0,0,0,0,0
1073,34.9599990844727,0,0,0,20,20,46,1,0,3.55420446395874,400,0,0,0,0,0
1074,5.90000009536743,1,1,0,12,13,31,0,1,1.77495241165161,156,1,12,13,1,12
1075,4.40000009536743,1,1,0,10,17,33,0,1,1.48160457611084,170,1,10,17,1,10
1076,6,0,0,0,12,22,40,0,0,1.7917594909668,264,0,0,0,0,0
1077,13,0,0,0,10,29,45,0,0,2.56494927406311,290,0,0,0,0,0
1078,5.69999980926514,1,0,0,11,1,18,0,0,1.74046611785889,11,1,11,1,0,0
1079,8.64999961853027,0,0,0,16,13,35,1,0,2.15755939483643,208,0,0,0,0,0
1080,7.44999980926514,1,0,0,12,30,48,0,0,2.00821399688721,360,1,12,30,0,0
1081,14.0699996948242,0,0,0,12,23,41,1,0,2.64404487609863,276,0,0,0,0,0
1082,6,0,0,0,14,3,23,0,0,1.7917594909668,42,0,0,0,0,0
1083,9.93000030517578,0,1,1,12,13,31,0,0,2.29556059837341,156,0,0,0,1,12
1084,12.1999998092651,1,1,0,16,33,55,0,1,2.50143599510193,528,1,16,33,1,16
1085,7.07999992370606,1,0,0,14,20,40,0,0,1.95727384090424,280,1,14,20,0,0
1086,8.97999954223633,1,0,0,12,16,34,1,0,2.1949999332428,192,1,12,16,0,0
1087,13.4499998092651,0,0,0,16,4,26,1,0,2.59897899627686,64,0,0,0,0,0
1088,5.75,1,0,0,12,5,23,0,0,1.74919986724854,60,1,12,5,0,0
1089,5.05000019073486,0,0,0,16,17,39,1,0,1.6193882226944,272,0,0,0,0,0
1090,13.1999998092651,1,0,0,16,15,37,1,0,2.58021688461304,240,1,16,15,0,0
1091,31.25,0,0,0,14,20,40,1,0,3.44201946258545,280,0,0,0,0,0
1092,5.75,0,0,0,11,5,22,1,0,1.74919986724854,55,0,0,0,0,0
1093,6.5,1,0,0,16,1,23,0,0,1.8718022108078,16,1,16,1,0,0
1094,6.25,1,1,1,14,17,37,1,1,1.83258152008057,238,1,14,17,1,14
1095,18.75,0,1,1,12,26,44,1,0,2.93119382858276,312,0,0,0,1,12
1096,5.30000019073486,1,1,0,12,20,38,0,1,1.66770684719086,240,1,12,20,1,12
1097,2.07999992370605,1,1,0,12,9,27,1,1,0.732367873191834,108,1,12,9,1,12
1098,9,0,1,0,12,5,23,0,0,2.19722461700439,60,0,0,0,1,12
1099,11.75,0,0,0,16,10,32,1,0,2.46385335922241,160,0,0,0,0,0
1100,8.07999992370606,1,0,1,12,24,42,0,0,2.0893919467926,288,1,12,24,0,0
1101,9,0,0,0,12,18,36,0,0,2.19722461700439,216,0,0,0,0,0
1102,10,0,0,0,16,26,48,0,0,2.30258512496948,416,0,0,0,0,0
1103,7.69999980926514,0,0,0,12,6,24,1,0,2.04122018814087,72,0,0,0,0,0
1104,9,1,1,0,12,30,48,0,1,2.19722461700439,360,1,12,30,1,12
1105,8,0,1,1,12,6,24,0,0,2.0794415473938,72,0,0,0,1,12
1106,18,0,0,1,12,17,35,0,0,2.89037179946899,204,0,0,0,0,0
1107,11.25,0,1,1,12,9,27,1,0,2.42036819458008,108,0,0,0,1,12
1108,7.5,0,0,0,12,8,26,0,0,2.01490306854248,96,0,0,0,0,0
1109,7,1,1,0,10,37,53,0,1,1.94591009616852,370,1,10,37,1,10
1110,7.96999979019165,1,1,0,12,15,33,0,1,2.07568454742432,180,1,12,15,1,12
1111,8.6899995803833,1,0,0,12,21,39,0,0,2.16217279434204,252,1,12,21,0,0
1112,12.3800001144409,1,0,0,14,13,33,0,0,2.51608228683472,182,1,14,13,0,0
1113,18.9699993133545,0,0,0,12,14,32,1,0,2.94285869598389,168,0,0,0,0,0
1114,4.25,1,0,0,12,5,23,0,0,1.44691896438599,60,1,12,5,0,0
1115,11,1,0,0,14,27,47,0,0,2.39789533615112,378,1,14,27,0,0
1116,4.34999990463257,0,1,0,12,4,22,0,0,1.47017586231232,48,0,0,0,1,12
1117,5.5,1,0,0,12,37,55,0,0,1.70474803447723,444,1,12,37,0,0
1118,2.77999997138977,1,0,0,0,40,46,1,0,1.02245092391968,0,1,0,40,0,0
1119,11,0,0,0,14,28,48,0,0,2.39789533615112,392,0,0,0,0,0
1120,10.6999998092651,1,0,0,12,12,30,1,0,2.3702437877655,144,1,12,12,0,0
1121,14.1700000762939,0,0,0,14,31,51,1,0,2.65112709999084,434,0,0,0,0,0
1122,4.75,1,0,0,0,39,45,0,0,1.55814456939697,0,1,0,39,0,0
1123,24.0300006866455,0,0,0,20,7,33,1,0,3.17930316925049,140,0,0,0,0,0
1124,8,1,0,0,14,3,23,0,0,2.0794415473938,42,1,14,3,0,0
1125,9.81999969482422,1,0,0,18,26,50,1,0,2.28442120552063,468,1,18,26,0,0
1126,3.83999991416931,1,0,0,16,27,49,1,0,1.34547233581543,432,1,16,27,0,0
1127,3.83999991416931,1,0,0,16,12,34,1,0,1.34547233581543,192,1,16,12,0,0
1128,6.90999984741211,0,0,0,12,24,42,0,0,1.93296957015991,288,0,0,0,0,0
1129,5,0,1,0,9,3,18,0,0,1.60943794250488,27,0,0,0,1,9
1130,15,0,0,0,12,24,42,0,0,2.70805025100708,288,0,0,0,0,0
1131,5.75,1,0,0,12,22,40,0,0,1.74919986724854,264,1,12,22,0,0
1132,13.8000001907349,1,0,0,12,8,26,0,0,2.62466859817505,96,1,12,8,0,0
1133,16,1,0,0,12,22,40,1,0,2.7725887298584,264,1,12,22,0,0
1134,11.25,0,1,0,16,4,26,1,0,2.42036819458008,64,0,0,0,1,16
1135,19,0,0,0,12,21,39,0,0,2.94443893432617,252,0,0,0,0,0
1136,9.5,1,0,0,12,17,35,1,0,2.25129175186157,204,1,12,17,0,0
1137,5.75,1,0,0,12,22,40,0,0,1.74919986724854,264,1,12,22,0,0
1138,9.5,1,0,1,12,10,28,0,0,2.25129175186157,120,1,12,10,0,0
1139,14,0,0,0,12,19,37,0,0,2.63905739784241,228,0,0,0,0,0
1140,19.2299995422363,0,0,0,7,32,45,1,0,2.95647144317627,224,0,0,0,0,0
1141,17.5,1,0,0,12,5,23,1,0,2.86220097541809,60,1,12,5,0,0
1142,10,1,0,0,12,13,31,0,0,2.30258512496948,156,1,12,13,0,0
1143,5.5,1,0,0,12,23,41,0,0,1.70474803447723,276,1,12,23,0,0
1144,7,1,1,0,12,4,22,0,1,1.94591009616852,48,1,12,4,1,12
1145,8,0,0,0,12,5,23,0,0,2.0794415473938,60,0,0,0,0,0
1146,7,1,0,0,16,11,33,0,0,1.94591009616852,176,1,16,11,0,0
1147,8,0,0,0,12,3,21,1,0,2.0794415473938,36,0,0,0,0,0
1148,4.25,1,1,0,12,23,41,0,1,1.44691896438599,276,1,12,23,1,12
1149,13.75,0,0,0,16,17,39,1,0,2.62103891372681,272,0,0,0,0,0
1150,11,0,1,0,12,15,33,0,0,2.39789533615112,180,0,0,0,1,12
1151,4.5,1,1,0,12,27,45,0,1,1.5040774345398,324,1,12,27,1,12
1152,7.5,0,0,0,12,16,34,1,0,2.01490306854248,192,0,0,0,0,0
1153,31.4699993133545,0,0,0,12,20,38,1,0,3.44903469085693,240,0,0,0,0,0
1154,8,1,0,0,12,30,48,0,0,2.0794415473938,360,1,12,30,0,0
1155,38.75,1,0,0,16,7,29,1,0,3.6571307182312,112,1,16,7,0,0
1156,9.25,0,0,0,12,21,39,0,0,2.22462344169617,252,0,0,0,0,0
1157,14,0,0,0,10,23,39,0,0,2.63905739784241,230,0,0,0,0,0
1158,8,0,0,0,12,13,31,0,0,2.0794415473938,156,0,0,0,0,0
1159,11.0500001907349,1,0,0,14,31,51,1,0,2.40243053436279,434,1,14,31,0,0
1160,7,1,0,0,12,25,43,0,0,1.94591009616852,300,1,12,25,0,0
1161,4.5,1,0,0,12,3,21,0,0,1.5040774345398,36,1,12,3,0,0
1162,6.40000009536743,1,0,0,16,1,23,1,0,1.85629796981812,16,1,16,1,0,0
1163,14.5,0,0,0,12,17,35,0,0,2.67414855957031,204,0,0,0,0,0
1164,5,1,0,0,12,16,34,0,0,1.60943794250488,192,1,12,16,0,0
1165,7.25,1,0,0,12,2,20,0,0,1.981001496315,24,1,12,2,0,0
1166,10,1,0,1,12,19,37,0,0,2.30258512496948,228,1,12,19,0,0
1167,2.11999988555908,1,0,0,10,25,41,0,0,0.751416027545929,250,1,10,25,0,0
1168,6.90000009536743,1,0,0,12,19,37,0,0,1.93152141571045,228,1,12,19,0,0
1169,13.5,1,0,0,20,3,29,0,0,2.60268974304199,60,1,20,3,0,0
1170,2.90000009536743,1,0,1,12,23,41,1,0,1.06471073627472,276,1,12,23,0,0
1171,7.65000009536743,1,0,0,12,13,31,0,0,2.0347056388855,156,1,12,13,0,0
1172,15,1,0,0,18,35,59,0,0,2.70805025100708,630,1,18,35,0,0
1173,20,0,0,0,16,4,26,0,0,2.99573230743408,64,0,0,0,0,0
1174,7.69999980926514,1,0,0,12,21,39,0,0,2.04122018814087,252,1,12,21,0,0
1175,11,0,0,0,12,15,33,0,0,2.39789533615112,180,0,0,0,0,0
1176,7,1,0,0,12,16,34,0,0,1.94591009616852,192,1,12,16,0,0
1177,9,0,0,1,12,12,30,0,0,2.19722461700439,144,0,0,0,0,0
1178,7.69000005722046,0,0,0,12,12,30,0,0,2.03992080688477,144,0,0,0,0,0
1179,13,1,0,0,14,12,32,0,0,2.56494927406311,168,1,14,12,0,0
1180,8.4399995803833,1,0,0,12,32,50,0,0,2.13298225402832,384,1,12,32,0,0
1181,16.1599998474121,1,0,1,16,17,39,1,0,2.7825391292572,272,1,16,17,0,0
1182,12,1,0,0,18,3,27,0,0,2.4849066734314,54,1,18,3,0,0
1183,8.14999961853027,1,1,0,12,39,57,0,1,2.0980179309845,468,1,12,39,1,12
1184,6.96999979019165,1,0,1,9,32,47,0,0,1.94161522388458,288,1,9,32,0,0
1185,15.8400001525879,1,0,0,16,8,30,0,0,2.76253843307495,128,1,16,8,0,0
1186,11.5,0,0,0,12,16,34,0,0,2.44234704971313,192,0,0,0,0,0
1187,16,1,1,0,16,14,36,0,1,2.7725887298584,224,1,16,14,1,16
1188,14.5,1,1,1,16,23,45,0,1,2.67414855957031,368,1,16,23,1,16
1189,7.5,0,1,0,14,11,31,0,0,2.01490306854248,154,0,0,0,1,14
1190,8.52000045776367,1,0,0,10,16,32,0,0,2.14241647720337,160,1,10,16,0,0
1191,16.8299999237061,0,0,0,18,7,31,1,0,2.82316303253174,126,0,0,0,0,0
1192,7.94999980926514,1,0,0,11,33,50,1,0,2.07317185401916,363,1,11,33,0,0
1193,6.42999982833862,1,0,0,12,35,53,1,0,1.86097455024719,420,1,12,35,0,0
1194,6,1,1,0,12,35,53,0,1,1.7917594909668,420,1,12,35,1,12
1195,6,1,1,0,16,5,27,0,1,1.7917594909668,80,1,16,5,1,16
1196,9.10999965667725,1,0,0,12,3,21,0,0,2.20937275886536,36,1,12,3,0,0
1197,5.75,1,0,0,12,11,29,1,0,1.74919986724854,132,1,12,11,0,0
1198,17.3299999237061,1,0,0,12,26,44,0,0,2.85243916511536,312,1,12,26,0,0
1199,4,1,0,0,12,35,53,0,0,1.3862943649292,420,1,12,35,0,0
1200,11,0,0,0,12,35,53,1,0,2.39789533615112,420,0,0,0,0,0
1201,8,0,1,0,12,24,42,0,0,2.0794415473938,288,0,0,0,1,12
1202,6,1,0,0,16,2,24,0,0,1.7917594909668,32,1,16,2,0,0
1203,9.23999977111816,0,0,0,16,21,43,1,0,2.22354197502136,336,0,0,0,0,0
1204,8.10000038146973,0,0,0,12,13,31,0,0,2.09186410903931,156,0,0,0,0,0
1205,6,1,1,0,12,3,21,0,1,1.7917594909668,36,1,12,3,1,12
1206,9,1,1,0,12,9,27,0,1,2.19722461700439,108,1,12,9,1,12
1207,6,1,1,0,12,3,21,0,1,1.7917594909668,36,1,12,3,1,12
1208,9,1,1,1,12,19,37,0,1,2.19722461700439,228,1,12,19,1,12
1209,13,0,0,0,11,19,36,0,0,2.56494927406311,209,0,0,0,0,0
1210,4.5,1,1,0,12,21,39,0,1,1.5040774345398,252,1,12,21,1,12
1211,12.5,1,0,0,18,6,30,1,0,2.52572870254517,108,1,18,6,0,0
1212,8.32999992370606,0,0,0,18,30,54,1,0,2.11986351013184,540,0,0,0,0,0
1213,10.1000003814697,1,0,0,14,13,33,1,0,2.31253552436829,182,1,14,13,0,0
1214,11,0,0,0,12,6,24,0,0,2.39789533615112,72,0,0,0,0,0
1215,9.60999965667725,0,0,0,16,31,53,1,0,2.26280426979065,496,0,0,0,0,0
1216,5,1,0,0,12,10,28,0,0,1.60943794250488,120,1,12,10,0,0
1217,5.75,1,0,0,10,2,18,0,0,1.74919986724854,20,1,10,2,0,0
1218,4.32999992370606,0,0,0,18,7,31,1,0,1.46556746959686,126,0,0,0,0,0
1219,18,0,1,1,16,17,39,0,0,2.89037179946899,272,0,0,0,1,16
1220,10,0,0,1,12,24,42,0,0,2.30258512496948,288,0,0,0,0,0
1221,19.2299995422363,0,0,0,16,34,56,1,0,2.95647144317627,544,0,0,0,0,0
1222,18,1,1,1,16,9,31,0,1,2.89037179946899,144,1,16,9,1,16
1223,19.25,1,1,0,12,15,33,1,1,2.95751094818115,180,1,12,15,1,12
1224,17.5,0,0,1,12,16,34,0,0,2.86220097541809,192,0,0,0,0,0
1225,5,0,0,0,12,1,19,0,0,1.60943794250488,12,0,0,0,0,0
1226,18.2800006866455,1,0,0,16,9,31,1,0,2.90580749511719,144,1,16,9,0,0
1227,5.09999990463257,1,0,0,12,34,52,0,0,1.6292405128479,408,1,12,34,0,0
1228,8,1,0,0,16,1,23,0,0,2.0794415473938,16,1,16,1,0,0
1229,15.3199996948242,0,0,0,12,24,42,0,0,2.729159116745,288,0,0,0,0,0
1230,5.25,1,0,0,12,9,27,0,0,1.65822803974152,108,1,12,9,0,0
1231,11.3299999237061,0,0,1,12,17,35,1,0,2.42745399475098,204,0,0,0,0,0
1232,20.25,0,0,0,16,22,44,1,0,3.00815486907959,352,0,0,0,0,0
1233,15.9099998474121,1,0,1,18,19,43,1,0,2.76694774627686,342,1,18,19,0,0
1234,14,0,0,0,12,30,48,0,0,2.63905739784241,360,0,0,0,0,0
1235,12.3000001907349,0,0,0,20,5,31,1,0,2.50959920883179,100,0,0,0,0,0
1236,14,0,0,1,12,18,36,0,0,2.63905739784241,216,0,0,0,0,0
1237,25,1,0,0,18,35,59,1,0,3.21887588500977,630,1,18,35,0,0
1238,4.80000019073486,1,0,0,10,35,51,1,0,1.56861591339111,350,1,10,35,0,0
1239,4.25,1,0,0,7,35,48,1,0,1.44691896438599,245,1,7,35,0,0
1240,10,0,0,0,10,32,48,0,0,2.30258512496948,320,0,0,0,0,0
1241,5.19999980926514,1,0,0,12,4,22,0,0,1.64865863323212,48,1,12,4,0,0
1242,9,0,0,0,14,6,26,0,0,2.19722461700439,84,0,0,0,0,0
1243,5.25,0,0,0,11,1,18,0,0,1.65822803974152,11,0,0,0,0,0
1244,12,1,0,0,12,19,37,0,0,2.4849066734314,228,1,12,19,0,0
1245,15,0,0,1,12,15,33,0,0,2.70805025100708,180,0,0,0,0,0
1246,10.4399995803833,1,0,0,14,10,30,0,0,2.34564447402954,140,1,14,10,0,0
1247,7.5,1,0,0,14,31,51,0,0,2.01490306854248,434,1,14,31,0,0
1248,6,0,0,0,12,1,19,0,0,1.7917594909668,12,0,0,0,0,0
1249,7.55999994277954,1,0,0,14,6,26,0,0,2.02287125587463,84,1,14,6,0,0
1250,8,1,0,0,12,6,24,0,0,2.0794415473938,72,1,12,6,0,0
1251,15,0,0,0,14,28,48,1,0,2.70805025100708,392,0,0,0,0,0
1252,18,0,0,0,12,28,46,0,0,2.89037179946899,336,0,0,0,0,0
1253,4.25,1,0,0,12,0,18,0,0,1.44691896438599,0,1,12,0,0,0
1254,6,0,0,0,12,37,55,0,0,1.7917594909668,444,0,0,0,0,0
1255,22.2199993133545,0,0,0,12,20,38,1,0,3.10099267959595,240,0,0,0,0,0
1256,6,1,0,0,12,16,34,1,0,1.7917594909668,192,1,12,16,0,0
1257,1.66999995708466,0,0,0,16,10,32,1,0,0.512823581695557,160,0,0,0,0,0
1258,13.3500003814697,0,0,1,16,20,42,0,0,2.59151649475098,320,0,0,0,0,0
1259,10.5,0,0,0,12,12,30,0,0,2.35137534141541,144,0,0,0,0,0
1260,27.8799991607666,0,0,0,7,39,52,1,0,3.32790946960449,273,0,0,0,0,0
1261,5.25,1,0,0,12,5,23,0,0,1.65822803974152,60,1,12,5,0,0
1262,6.82999992370606,1,0,0,16,13,35,0,0,1.92132461071014,208,1,16,13,0,0
1263,14.75,0,1,0,12,23,41,0,0,2.69124317169189,276,0,0,0,1,12
1264,5,1,0,0,12,3,21,0,0,1.60943794250488,36,1,12,3,0,0
1265,4,1,0,0,12,14,32,0,0,1.3862943649292,168,1,12,14,0,0
1266,9.61999988555908,0,0,1,16,5,27,1,0,2.26384425163269,80,0,0,0,0,0
1267,12,0,0,0,12,10,28,0,0,2.4849066734314,120,0,0,0,0,0
1268,9,1,0,0,12,23,41,0,0,2.19722461700439,276,1,12,23,0,0
1269,5,1,1,0,10,38,54,0,1,1.60943794250488,380,1,10,38,1,10
1270,12.1000003814697,0,0,1,16,5,27,1,0,2.49320554733276,80,0,0,0,0,0
1271,12,0,0,0,12,23,41,1,0,2.4849066734314,276,0,0,0,0,0
1272,9.72000026702881,1,0,0,12,19,37,0,0,2.27418565750122,228,1,12,19,0,0
1273,12.9799995422363,0,0,0,12,45,63,1,0,2.56340956687927,540,0,0,0,0,0
1274,12.5,0,1,1,7,47,60,0,0,2.52572870254517,329,0,0,0,1,7
1275,10,0,1,1,12,18,36,0,0,2.30258512496948,216,0,0,0,1,12
1276,6.05000019073486,1,0,0,11,21,38,0,0,1.80005824565887,231,1,11,21,0,0
1277,10.8500003814697,1,1,0,12,27,45,0,1,2.38416504859924,324,1,12,27,1,12
1278,24.0300006866455,0,0,1,16,36,58,1,0,3.17930316925049,576,0,0,0,0,0
1279,15.8100004196167,1,0,0,12,12,30,0,0,2.76064276695251,144,1,12,12,0,0
1280,12.9799995422363,1,1,0,14,17,37,1,1,2.56340956687927,238,1,14,17,1,14
1281,2.13000011444092,1,0,0,12,10,28,0,0,0.756122052669525,120,1,12,10,0,0
1282,16.5799999237061,0,0,0,12,18,36,0,0,2.80819725990295,216,0,0,0,0,0
1283,21.4500007629395,0,0,0,16,27,49,1,0,3.06572461128235,432,0,0,0,0,0
1284,13.1400003433228,1,0,0,12,30,48,0,0,2.57566094398499,360,1,12,30,0,0
1285,1.66999995708466,1,0,0,10,45,61,1,0,0.512823581695557,450,1,10,45,0,0
1286,7,0,0,0,12,7,25,0,0,1.94591009616852,84,0,0,0,0,0
1287,14.8999996185303,0,0,0,16,9,31,1,0,2.70136117935181,144,0,0,0,0,0
1288,5.90000009536743,1,0,0,12,31,49,0,0,1.77495241165161,372,1,12,31,0,0
1289,10,0,0,1,12,20,38,1,0,2.30258512496948,240,0,0,0,0,0
