ex,time,lnex
1.18120002746582,1,0.166530892252922
1.17599999904633,2,0.162118852138519
1.16359996795654,3,0.151518613100052
1.16719996929169,4,0.154607698321342
1.1554000377655,5,0.144446641206741
1.15339994430542,6,0.14271405339241
1.15480005741119,7,0.143927216529846
1.16980004310608,8,0.156832829117775
1.16890001296997,9,0.156063139438629
1.15910005569458,10,0.147643893957138
1.16100001335144,11,0.149281710386276
1.15750002861023,12,0.146262526512146
1.15769994258881,13,0.146435230970383
1.15820002555847,14,0.146867096424103
1.15659999847412,15,0.145484670996666
1.15769994258881,16,0.146435230970383
1.14810001850128,17,0.138108417391777
1.13950002193451,18,0.130589589476585
1.13709998130798,19,0.128481149673462
1.13030004501343,20,0.122483126819134
1.1327999830246,21,0.124692432582378
1.13390004634857,22,0.125663056969643
1.13059997558594,23,0.12274844199419
1.12829995155334,24,0.120712034404278
1.12960004806519,25,0.121863633394241
1.12999999523163,26,0.122217625379562
1.1331000328064,27,0.124957270920277
1.13030004501343,28,0.122483126819134
1.1282000541687,29,0.120623491704464
1.1188999414444,30,0.112346008419991
1.12300002574921,31,0.116003699600697
1.12230002880096,32,0.115380175411701
1.10749995708466,33,0.102105185389519
1.10370004177094,34,0.098668210208416
1.09930002689362,35,0.0946736410260201
1.09720003604889,36,0.0927615165710449
1.10679996013641,37,0.101472936570644
1.09949994087219,38,0.0948554798960686
1.08910000324249,39,0.0853516682982445
1.09309995174408,40,0.0890176519751549
1.08879995346069,41,0.085076130926609
1.08239996433258,42,0.0791807621717453
1.08430004119873,43,0.0809346586465836
1.08990001678467,44,0.0860859677195549
1.08729994297028,45,0.0836975052952766
1.09609997272491,46,0.0917584002017975
1.09319996833801,47,0.0891091451048851
1.09360003471375,48,0.0894750356674194
1.09300005435944,49,0.0889262557029724
1.09150004386902,50,0.087552934885025
1.10150003433228,51,0.0966729149222374
1.09899997711182,52,0.0944006517529488
1.09230005741119,53,0.0882856175303459
1.09150004386902,54,0.087552934885025
1.09179997444153,55,0.0878276899456978
1.09210002422333,56,0.0881024673581123
1.0871000289917,57,0.0835136249661446
1.07430005073547,58,0.0716693326830864
1.07159996032715,59,0.0691528245806694
1.0731999874115,60,0.0706448256969452
1.08080005645752,61,0.077701561152935
1.07819998264313,62,0.0752929672598839
1.07819998264313,63,0.0752929672598839
1.0706000328064,64,0.0682192668318749
1.08379995822907,65,0.0804733484983444
1.07840001583099,66,0.0754784792661667
1.08350002765656,67,0.0801965668797493
1.07860004901886,68,0.0756639465689659
1.0842000246048,69,0.080842413008213
1.07799994945526,70,0.0751074254512787
1.07790005207062,71,0.0750147551298142
1.07169997692108,72,0.0692461505532265
1.06879997253418,73,0.0665365010499954
1.06079995632172,74,0.0590232983231545
1.06299996376038,75,0.0610950663685799
1.06120002269745,76,0.0594003647565842
1.05980002880096,77,0.0580802373588085
1.06340003013611,78,0.0614713504910469
1.05900001525879,79,0.057325080037117
1.06490004062653,80,0.0628809332847595
1.06159996986389,81,0.0597771741449833
1.05910003185272,82,0.0574195198714733
1.0563999414444,83,0.0548668466508389
1.05710005760193,84,0.0555293634533882
1.0592999458313,85,0.0576082617044449
1.07239997386932,86,0.0698991045355797
1.07790005207062,87,0.0750147551298142
1.07809996604919,88,0.0752002000808716
1.0786999464035,89,0.0757565647363663
1.07200002670288,90,0.0695260912179947
1.06659996509552,91,0.0644759833812714
1.06260001659393,92,0.0607187524437904
1.06500005722046,93,0.0629748553037643
1.06719994544983,94,0.0650383457541466
1.06719994544983,95,0.0650383457541466
1.06410002708435,96,0.0621293969452381
1.06299996376038,97,0.0610950663685799
1.05770003795624,98,0.0560967735946178
1.0592999458313,99,0.0576082617044449
1.05869996547699,100,0.0570417083799839
1.04709994792938,101,0.046024389564991
1.04390001296997,102,0.0429637134075165
1.04219996929169,103,0.0413338355720043
1.04489994049072,104,0.0439211316406727
1.03569996356964,105,0.0350774899125099
1.03550004959106,106,0.0348844490945339
1.03269994258881,107,0.0321766771376133
1.02960002422333,108,0.0291704013943672
1.04379999637604,109,0.0428678952157497
1.04499995708466,110,0.0440168455243111
1.04770004749298,111,0.0465973317623138
1.05159997940063,112,0.0503127947449684
1.04159998893738,113,0.0407579801976681
1.04200005531311,114,0.0411419980227947
1.02980005741119,115,0.0293646641075611
1.03289997577667,116,0.0323703549802303
1.03680002689362,117,0.0361390709877014
1.03229999542236,118,0.0317893177270889
1.03229999542236,119,0.0317893177270889
1.03159999847412,120,0.031110992655158
1.03719997406006,121,0.0365247502923012
1.04480004310608,122,0.0438255220651627
1.03729999065399,123,0.0366211757063866
1.03369998931885,124,0.0331445895135403
1.03100001811981,125,0.030529223382473
1.02359998226166,126,0.0233258083462715
1.02439999580383,127,0.0241070706397295
1.02489995956421,128,0.0245950073003769
1.02240002155304,129,0.0221528261899948
1.01979994773865,130,0.0196064785122871
1.01859998703003,131,0.0184291228652
1.0139000415802,132,0.0138043221086264
1.01760005950928,133,0.0174469724297524
1.02149999141693,134,0.0212721265852451
1.02199995517731,135,0.0217614471912384
1.02030003070831,136,0.0200967323035002
1.02030003070831,137,0.0200967323035002
1.04200005531311,138,0.0411419980227947
1.05260002613068,139,0.0512633174657822
1.05089998245239,140,0.0496469214558601
1.04970002174377,141,0.0485044308006763
1.0650999546051,142,0.063068650662899
1.06270003318787,143,0.0608128719031811
1.06439995765686,144,0.0624112188816071
1.07190001010895,145,0.0694327875971794
1.06939995288849,146,0.0670977011322975
1.06610000133514,147,0.0640071332454681
1.067999958992,148,0.0657877027988434
1.07659995555878,149,0.0738078877329826
1.0793000459671,150,0.0763127282261848
1.07700002193451,151,0.0741794183850288
1.06939995288849,152,0.0670977011322975
1.07519996166229,153,0.0725066587328911
1.06599998474121,154,0.0639133080840111
1.06359994411469,155,0.0616593286395073
1.05680000782013,156,0.0552454814314842
1.05569994449615,157,0.0542040020227432
1.05250000953674,158,0.0511682964861393
1.05050003528595,159,0.0492662750184536
1.06429994106293,160,0.0623172521591187
1.0654000043869,161,0.0633503198623657
1.05529999732971,162,0.0538250841200352
1.05060005187988,163,0.0493614785373211
1.04610002040863,164,0.045068982988596
1.04410004615784,165,0.0431553162634373
1.0460000038147,166,0.0449733696877956
1.04449999332428,167,0.0435382947325707
1.05809998512268,168,0.0564748346805573
1.05820000171661,169,0.0565693527460098
1.06889998912811,170,0.0666300728917122
1.06050002574921,171,0.0587405189871788
1.05809998512268,172,0.0564748346805573
1.05900001525879,173,0.057325080037117
1.05429995059967,174,0.0528769940137863
1.04019999504089,175,0.0394129976630211
1.03999996185303,176,0.0392206758260727
1.0407999753952,177,0.0399896241724491
1.03849995136261,178,0.0377773158252239
1.04180002212524,179,0.0409500077366829
1.03989994525909,180,0.0391245037317276
1.0407999753952,181,0.0399896241724491
1.0460000038147,182,0.0449733696877956
1.04999995231628,183,0.0487901195883751
1.04149997234344,184,0.0406619533896446
1.04659998416901,185,0.0455467998981476
1.0430999994278,186,0.042197048664093
1.05089998245239,187,0.0496469214558601
1.06130003929138,188,0.0594946071505547
1.06429994106293,189,0.0623172521591187
1.07179999351501,190,0.0693394690752029
1.0702999830246,191,0.067938968539238
1.06930005550385,192,0.0670042783021927
1.07039999961853,193,0.0680324137210846
1.07210004329681,194,0.0696193799376488
1.06299996376038,195,0.0610950663685799
1.07369995117188,196,0.0711105838418007
1.0757999420166,197,0.0730645135045052
1.07990002632141,198,0.0768684670329094
1.08870005607605,199,0.0849843770265579
1.08630001544952,200,0.0827774405479431
1.08329999446869,201,0.0800119340419769
1.07650005817413,202,0.073715090751648
1.08080005645752,203,0.077701561152935
1.06780004501343,204,0.0656004995107651
1.06659996509552,205,0.0644759833812714
1.05780005455017,206,0.0561913326382637
1.05320000648499,207,0.0518331564962864
1.05190002918243,208,0.0505980812013149
1.0518000125885,209,0.0505029931664467
1.04939997196198,210,0.0482185445725918
1.05060005187988,211,0.0493614785373211
1.04849994182587,212,0.0473605170845985
1.0440000295639,213,0.043059516698122
1.03999996185303,214,0.0392206758260727
1.03629994392395,215,0.0356566235423088
1.04009997844696,216,0.0393168404698372
1.04359996318817,217,0.0426762402057648
1.03149998188019,218,0.0310140363872051
1.03149998188019,219,0.0310140363872051
1.03120005130768,220,0.0307232216000557
1.04030001163483,221,0.0395091436803341
1.02970004081726,222,0.0292675364762545
1.03129994869232,223,0.0308200921863317
1.03269994258881,224,0.0321766771376133
1.02610003948212,225,0.0257652457803488
1.01760005950928,226,0.0174469724297524
1.01370000839233,227,0.0136070121079683
1.00999999046326,228,0.00995032116770744
1.00769996643066,229,0.00767047284170985
1.00590002536774,230,0.00588268833234906
1.00230002403259,231,0.00229738303460181
1.00160002708435,232,0.00159874837845564
1.02520000934601,233,0.0248877238482237
1.02219998836517,234,0.0219571553170681
1.02629995346069,235,0.0259600561112165
1.01610004901886,236,0.0159718170762062
1.01579999923706,237,0.0156764779239893
1.01199996471405,238,0.0119285359978676
1.00670003890991,239,0.00667769322171807
1.00660002231598,240,0.00657833740115166
1.01689994335175,241,0.0167587287724018
1.00880002975464,242,0.00876153539866209
1.00660002231598,243,0.00657833740115166
1.00929999351501,244,0.00925701484084129
1.00800001621246,245,0.00796818546950817
1.0161999464035,246,0.0160701274871826
1.01279997825623,247,0.0127187510952353
1.0135999917984,248,0.0135083422064781
1.00680005550385,249,0.00677703926339746
1.00450003147125,250,0.0044899364002049
1.00240004062653,251,0.00239716516807675
1.00699996948242,252,0.00697558326646686
1.01549994945526,253,0.0153810521587729
1.03090000152588,254,0.0304322093725204
1.03349995613098,255,0.0329510569572449
1.0324000120163,256,0.031886201351881
1.02939999103546,257,0.0289760995656252
1.02520000934601,258,0.0248877238482237
1.03219997882843,259,0.0316924266517162
1.02810001373291,260,0.0277124512940645
1.02699995040894,261,0.026641882956028
1.01279997825623,262,0.0127187510952353
1.01209998130798,263,0.0120273614302278
1.01150000095367,264,0.0114343790337443
1.0132999420166,265,0.0132122738286853
1.00999999046326,266,0.00995032116770744
1.00189995765686,267,0.00189815496560186
1.00409996509552,268,0.00409158319234848
1.00109994411469,269,0.00109933956991881
0.989000022411346,270,-0.011060924269259
0.976499974727631,271,-0.0237805545330048
0.9757000207901,272,-0.0246000960469246
0.973100006580353,273,-0.0272684209048748
0.97680002450943,274,-0.0234733317047358
0.988699972629547,275,-0.0113643575459719
0.976000010967255,276,-0.0242926813662052
0.978299975395203,277,-0.0219389330595732
0.986199975013733,278,-0.0138961309567094
0.991400003433228,279,-0.00863718986511231
0.986500024795532,280,-0.0135919284075499
0.98470002412796,281,-0.0154182277619839
0.978299975395203,282,-0.0219389330595732
0.983399987220764,283,-0.0167393367737532
0.984200000762939,284,-0.0159261506050825
0.986299991607666,285,-0.0137947192415595
0.985000014305115,286,-0.0151136228814721
1.00600004196167,287,0.00598211353644729
1.00170004367828,288,0.00169860024470836
0.993099987506866,289,-0.00692392745986581
0.976300001144409,290,-0.0239853616803884
0.966899991035461,291,-0.0336602106690407
0.964299976825714,292,-0.0363528542220592
0.97000002861023,293,-0.0304591786116362
0.961899995803833,294,-0.0388447865843773
0.9617999792099,295,-0.0389487706124783
0.960300028324127,296,-0.0405095145106316
0.955999970436096,297,-0.0449973978102207
0.957599997520447,298,-0.0433251261711121
0.968400001525879,299,-0.0321100540459156
0.965900003910065,300,-0.034694965928793
0.964800000190735,301,-0.0358344539999962
0.964399993419647,302,-0.0362491384148598
0.969600021839142,303,-0.0308716408908367
0.971000015735626,304,-0.0294287949800491
0.969399988651276,305,-0.0310779679566622
0.971000015735626,306,-0.0294287949800491
0.970300018787384,307,-0.030149957165122
0.960799992084503,308,-0.0399890169501305
0.969099998474121,309,-0.0313874743878841
0.972400009632111,310,-0.0279880259186029
0.96450001001358,311,-0.0361454375088215
0.961399972438812,312,-0.0393647514283657
0.952400028705597,313,-0.0487701334059238
0.959399998188019,314,-0.0414471924304962
0.957400023937225,315,-0.0435339771211147
0.955999970436096,316,-0.0449973978102207
0.95880001783371,317,-0.0420727580785751
0.964699983596802,318,-0.0359381251037121
0.958000004291534,319,-0.0429074950516224
0.958999991416931,320,-0.0418642126023769
0.95880001783371,321,-0.0420727580785751
0.959100008010864,322,-0.0417599268257618
0.955099999904633,323,-0.0459392331540585
0.952400028705597,324,-0.0487701334059238
0.956399977207184,325,-0.0445790663361549
0.954999983310699,326,-0.0460439547896385
0.947700023651123,327,-0.0537172593176365
0.936900019645691,328,-0.065178707242012
0.937600016593933,329,-0.0644318461418152
0.937900006771088,330,-0.0641119405627251
0.939599990844727,331,-0.0623010359704495
0.926500022411346,332,-0.0763412117958069
0.921700000762939,333,-0.0815354883670807
0.90829998254776,334,-0.0961805805563927
0.908900022506714,335,-0.0955201759934425
0.912000000476837,336,-0.0921152904629707
0.906799972057343,337,-0.0978333875536919
0.889100015163422,338,-0.117545545101166
0.890699982643127,339,-0.115747630596161
0.895299971103668,340,-0.11059645563364
0.894999980926514,341,-0.11093158274889
0.902300000190735,342,-0.102808222174644
0.909699976444244,343,-0.094640426337719
0.902100026607513,344,-0.103029869496822
0.907999992370606,345,-0.0965109094977379
0.913800001144409,346,-0.090143546462059
0.90530002117157,347,-0.099488876760006
0.892099976539612,348,-0.114177070558071
0.89520001411438,349,-0.110708102583885
0.894599974155426,350,-0.111378617584705
0.903599977493286,351,-0.101368516683579
0.903199970722199,352,-0.101811297237873
0.909600019454956,353,-0.094750314950943
0.90719997882843,354,-0.0973923727869988
0.930999994277954,355,-0.0714960098266602
0.931400001049042,356,-0.0710664466023445
0.932799994945526,357,-0.0695644691586494
0.9307000041008,358,-0.0718182846903801
0.943199992179871,359,-0.0584769397974014
0.947099983692169,360,-0.0543506108224392
0.957000017166138,361,-0.0439518690109253
0.959999978542328,362,-0.0408220179378986
0.954800009727478,363,-0.0462533757090569
0.952600002288818,364,-0.0485601872205734
0.95440000295639,365,-0.0466724038124085
0.961899995803833,366,-0.0388447865843773
0.958999991416931,367,-0.0418642126023769
0.953000009059906,368,-0.0481403656303883
0.964800000190735,369,-0.0358344539999962
0.962199985980988,370,-0.0385329648852348
0.955699980258942,371,-0.0453112423419952
0.945500016212463,372,-0.0560413748025894
0.939800024032593,373,-0.0620881654322147
0.935800015926361,374,-0.0663534849882126
0.938199996948242,375,-0.0637921392917633
0.944400012493134,376,-0.0572054609656334
0.944400012493134,377,-0.0572054609656334
0.951499998569489,378,-0.049715593457222
0.954500019550324,379,-0.046567615121603
0.952600002288818,380,-0.0485601872205734
0.954800009727478,381,-0.0462533757090569
0.952700018882751,382,-0.0484552010893822
0.948400020599365,383,-0.052978903055191
0.952099978923798,384,-0.0490852296352387
0.949699997901917,385,-0.0516091361641884
0.940100014209747,386,-0.0617690123617649
0.933899998664856,387,-0.0683859139680862
0.937399983406067,388,-0.0646452084183693
0.935100018978119,389,-0.0671017840504646
0.932200014591217,390,-0.070207878947258
0.923699975013733,391,-0.0793679654598236
0.929199993610382,392,-0.0734312832355499
0.934300005435944,393,-0.0679576843976975
0.931400001049042,394,-0.0710664466023445
0.939100027084351,395,-0.0628332793712616
0.941299974918366,396,-0.0604934059083462
0.933099985122681,397,-0.0692429170012474
0.924600005149841,398,-0.0783940628170967
0.926599979400635,399,-0.0762333273887634
0.922800004482269,400,-0.0803427472710609
0.913699984550476,401,-0.0902530029416084
0.90420001745224,402,-0.100704684853554
0.90750002861023,403,-0.0970616787672043
0.91049998998642,404,-0.0937613919377327
0.901899993419647,405,-0.10325163602829
0.899100005626678,406,-0.106361009180546
0.907700002193451,407,-0.0968413501977921
0.904600024223328,408,-0.100262396037579
0.903699994087219,409,-0.101257838308811
0.913500010967255,410,-0.0904718935489655
0.91430002450943,411,-0.0895965099334717
0.915199995040894,412,-0.0886126607656479
0.906799972057343,413,-0.0978333875536919
0.902700006961823,414,-0.102365002036095
0.896499991416931,415,-0.109256997704506
0.896700024604797,416,-0.109033890068531
0.902800023555756,417,-0.102254204452038
0.902400016784668,418,-0.102697379887104
0.900200009346008,419,-0.105138309299946
0.896600008010864,420,-0.109145440161228
0.892400026321411,421,-0.113840788602829
0.887799978256226,422,-0.119008809328079
0.8992999792099,423,-0.106138616800308
0.887600004673004,424,-0.119234085083008
0.870199978351593,425,-0.139032229781151
0.874000012874603,426,-0.134674891829491
0.866400003433228,427,-0.143408581614494
0.862399995326996,428,-0.148036077618599
0.859600007534027,429,-0.151288107037544
0.864000022411346,430,-0.146182477474213
0.861699998378754,431,-0.148848101496696
0.857200026512146,432,-0.154083982110024
0.852299988269806,433,-0.159816712141037
0.851400017738342,434,-0.160873204469681
0.846199989318848,435,-0.16699954867363
0.855799973011017,436,-0.155718609690666
0.879299998283386,437,-0.128629148006439
0.873799979686737,438,-0.134903788566589
0.881500005722046,439,-0.126130267977715
0.880500018596649,440,-0.127265334129334
0.882600009441376,441,-0.12488317489624
0.883700013160706,442,-0.12363762408495
0.880599975585938,443,-0.127151817083359
0.874100029468536,444,-0.134560465812683
0.872600018978119,445,-0.136278003454208
0.868499994277954,446,-0.140987694263458
0.867999970912933,447,-0.141563594341278
0.8682000041008,448,-0.141333177685738
0.871500015258789,449,-0.137539401650429
0.864400029182434,450,-0.145719617605209
0.856800019741058,451,-0.154550731182098
0.848900020122528,452,-0.163813859224319
0.8507000207901,453,-0.161695718765259
0.839100003242493,454,-0.175425380468369
0.84060001373291,455,-0.173639342188835
0.839999973773956,456,-0.174353420734406
0.836399972438812,457,-0.178648337721825
0.836399972438812,458,-0.178648337721825
0.827000021934509,459,-0.189950555562973
0.827099978923798,460,-0.18982969224453
0.84060001373291,461,-0.173639342188835
0.843200027942658,462,-0.170551061630249
0.848599970340729,463,-0.164167374372482
0.858399987220764,464,-0.152685105800629
0.859399974346161,465,-0.15152083337307
0.861400008201599,466,-0.149196296930313
0.858399987220764,467,-0.152685105800629
0.858299970626831,468,-0.152801617980003
0.85589998960495,469,-0.155601739883423
0.857400000095367,470,-0.153850719332695
0.862500011920929,471,-0.147920116782188
0.860700011253357,472,-0.150009259581566
0.857299983501434,473,-0.153967380523682
0.85699999332428,474,-0.154317364096642
0.853200018405914,475,-0.158761277794838
0.851599991321564,476,-0.160638362169266
0.848599970340729,477,-0.164167374372482
0.84579998254776,478,-0.167472377419472
0.842299997806549,479,-0.171619042754173
0.838199973106384,480,-0.176498576998711
0.850000023841858,481,-0.162518903613091
0.854700028896332,482,-0.157004714012146
0.857699990272522,483,-0.153500899672508
0.869400024414063,484,-0.139951929450035
0.876500010490418,485,-0.131818562746048
0.887499988079071,486,-0.119346767663956
0.880400002002716,487,-0.127378925681114
0.887700021266937,488,-0.119121409952641
0.889100015163422,489,-0.117545545101166
0.883800029754639,490,-0.123524449765682
0.877099990844727,491,-0.131134271621704
0.877499997615814,492,-0.130678325891495
0.875500023365021,493,-0.132960096001625
0.885800004005432,494,-0.121264085173607
0.898100018501282,495,-0.107473835349083
0.892899990081787,496,-0.113280698657036
0.890200018882751,497,-0.116309098899364
0.905799984931946,498,-0.0989367663860321
0.911199986934662,499,-0.0929928794503212
0.922999978065491,500,-0.0801260694861412
0.929199993610382,501,-0.0734312832355499
0.930400013923645,502,-0.0721406638622284
0.925700008869171,503,-0.0772050619125366
0.938799977302551,504,-0.0631528422236443
0.94650000333786,505,-0.0549843050539494
0.947300016880035,506,-0.0541394278407097
0.944800019264221,507,-0.056781992316246
0.953499972820282,508,-0.0476158820092678
0.948599994182587,509,-0.0527680702507496
0.93970000743866,510,-0.0621945969760418
0.938700020313263,511,-0.0632593184709549
0.952000021934509,512,-0.0491902194917202
0.948599994182587,513,-0.0527680702507496
0.937399983406067,514,-0.0646452084183693
0.930599987506866,515,-0.0719257518649101
0.944599986076355,516,-0.0569937378168106
0.936299979686737,517,-0.0658193603157997
0.937399983406067,518,-0.0646452084183693
0.938899993896484,519,-0.0630463063716888
0.925800025463104,520,-0.0770970210433006
0.921899974346161,521,-0.0813185498118401
0.921299993991852,522,-0.0819695666432381
0.918099999427795,523,-0.0854489654302597
0.926400005817413,524,-0.0764491632580757
0.930800020694733,525,-0.0717108249664307
0.938399970531464,526,-0.0635790154337883
0.935699999332428,527,-0.0664603710174561
0.939499974250793,528,-0.062407486140728
0.930400013923645,529,-0.0721406638622284
0.933099985122681,530,-0.0692429170012474
0.91839998960495,531,-0.0851222649216652
0.926699995994568,532,-0.0761253982782364
0.928699970245361,533,-0.0739695504307747
0.920400023460388,534,-0.0829468965530396
0.919700026512146,535,-0.083707720041275
0.905700027942658,536,-0.0990471243858337
0.91619998216629,537,-0.0875206142663956
0.909600019454956,538,-0.094750314950943
0.907700002193451,539,-0.0968413501977921
0.906899988651276,540,-0.0977231040596962
0.909500002861023,541,-0.094860278069973
0.909300029277802,542,-0.0950801745057106
0.912800014019012,543,-0.0912384614348412
0.921199977397919,544,-0.0820781365036964
0.929099977016449,545,-0.0735389292240143
0.934000015258789,546,-0.0682788267731667
0.928900003433228,547,-0.07375418394804
0.931299984455109,548,-0.0711738392710686
0.92739999294281,549,-0.0753703117370606
0.928099989891052,550,-0.0746158063411713
0.931500017642975,551,-0.0709590688347817
0.930000007152557,552,-0.0725706815719605
0.914799988269806,553,-0.089049831032753
0.913299977779388,554,-0.0906908884644508
0.904600024223328,555,-0.100262396037579
0.892899990081787,556,-0.113280698657036
0.898500025272369,557,-0.107028543949127
0.905399978160858,558,-0.0993784666061401
0.897000014781952,559,-0.108699403703213
0.888100028038025,560,-0.118670895695686
0.892599999904633,561,-0.113616727292538
0.895500004291534,562,-0.110373049974442
0.890999972820282,563,-0.115410879254341
0.888199985027313,564,-0.11855835467577
0.880699992179871,565,-0.127038240432739
0.879400014877319,566,-0.128515407443047
0.88239997625351,567,-0.12510983645916
0.89300000667572,568,-0.113168694078922
0.901300013065338,569,-0.103917099535465
0.897599995136261,570,-0.108030751347542
0.900200009346008,571,-0.105138309299946
0.901400029659271,572,-0.103806138038635
0.888400018215179,573,-0.118333168327808
0.885599970817566,574,-0.121489927172661
0.892199993133545,575,-0.114064961671829
0.888800024986267,576,-0.117883011698723
0.88620001077652,577,-0.120812609791756
0.881399989128113,578,-0.126243740320206
0.881600022315979,579,-0.126016810536385
0.890900015830994,580,-0.11552307009697
0.903199970722199,581,-0.101811297237873
0.896000027656555,582,-0.109814837574959
0.894599974155426,583,-0.111378617584705
0.897199988365173,584,-0.108476489782333
0.901099979877472,585,-0.104139059782028
0.892400026321411,586,-0.113840788602829
0.887399971485138,587,-0.119459472596645
0.893700003623962,588,-0.112385123968124
0.892499983310699,589,-0.113728784024715
0.889100015163422,590,-0.117545545101166
0.893400013446808,591,-0.112720854580402
0.891600012779236,592,-0.114737659692764
0.884800016880035,593,-0.122393630445004
0.884500026702881,594,-0.122732736170292
0.879199981689453,595,-0.128742903470993
0.875899970531464,596,-0.132503390312195
0.874800026416779,597,-0.133759960532188
0.878799974918366,598,-0.129197970032692
0.884199976921082,599,-0.123072020709515
0.882799983024597,600,-0.12465662509203
0.877399981021881,601,-0.130792304873467
0.876200020313263,602,-0.132160887122154
0.865700006484985,603,-0.144216850399971
0.859799981117249,604,-0.151055499911308
0.85699999332428,605,-0.154317364096642
0.857699990272522,606,-0.153500899672508
0.854700028896332,607,-0.157004714012146
0.857599973678589,608,-0.153617516160011
0.845499992370606,609,-0.167827114462852
0.845200002193451,610,-0.168181985616684
0.844900012016296,611,-0.168536990880966
0.850399971008301,612,-0.162048488855362
0.845200002193451,613,-0.168181985616684
0.850600004196167,614,-0.161813288927078
0.850499987602234,615,-0.16193088889122
0.842499971389771,616,-0.171381652355194
0.847899973392487,617,-0.164992600679398
0.853600025177002,618,-0.158292546868324
0.859799981117249,619,-0.151055499911308
0.862800002098084,620,-0.147572368383408
0.861000001430512,621,-0.149660766124725
0.855799973011017,622,-0.155718609690666
0.850600004196167,623,-0.161813288927078
0.854399979114533,624,-0.157355830073357
0.85699999332428,625,-0.154317364096642
0.861100018024445,626,-0.149544611573219
0.862299978733063,627,-0.148152068257332
0.862100005149841,628,-0.148384004831314
0.847000002861023,629,-0.166054576635361
0.847400009632111,630,-0.165582433342934
0.845499992370606,631,-0.167827114462852
0.847699999809265,632,-0.165228486061096
0.837000012397766,633,-0.177931189537048
0.846499979496002,634,-0.166645094752312
0.847400009632111,635,-0.165582433342934
0.855700016021729,636,-0.155835419893265
0.861400008201599,637,-0.149196296930313
0.852999985218048,638,-0.158995747566223
0.852699995040894,639,-0.159347504377365
0.854900002479553,640,-0.156770765781403
0.854900002479553,641,-0.156770765781403
0.870100021362305,642,-0.139147102832794
0.869000017642975,643,-0.140412136912346
0.871299982070923,644,-0.13776895403862
0.867600023746491,645,-0.142024472355843
0.875199973583221,646,-0.133302882313728
0.879700005054474,647,-0.128174334764481
0.876500010490418,648,-0.131818562746048
0.874899983406067,649,-0.133645698428154
0.875,650,-0.133531391620636
0.875199973583221,651,-0.133302882313728
0.879299998283386,652,-0.128629148006439
0.88129997253418,653,-0.126357212662697
0.884299993515015,654,-0.122958913445473
0.880200028419495,655,-0.127606093883514
0.877499997615814,656,-0.130678325891495
0.877799987792969,657,-0.13033652305603
0.888599991798401,658,-0.118108101189137
0.893999993801117,659,-0.112049512565136
0.898299992084503,660,-0.107251197099686
0.902499973773956,661,-0.10258661955595
0.911400020122528,662,-0.0927733778953552
0.913800001144409,663,-0.090143546462059
0.916499972343445,664,-0.0871932432055473
0.912699997425079,665,-0.0913480445742607
0.911499977111816,666,-0.0926637127995491
0.919399976730347,667,-0.0840340182185173
0.916599988937378,668,-0.0870841220021248
0.91159999370575,669,-0.0925539880990982
0.909799993038178,670,-0.0945304930210114
0.910199999809265,671,-0.094090923666954
0.909699976444244,672,-0.094640426337719
0.91540002822876,673,-0.0883941203355789
0.908999979496002,674,-0.0954102054238319
0.886799991130829,675,-0.120135813951492
0.889699995517731,676,-0.116870954632759
0.894299983978272,677,-0.111714005470276
0.904399991035461,678,-0.100483551621437
0.898800015449524,679,-0.106694720685482
0.906899988651276,680,-0.0977231040596962
0.908900022506714,681,-0.0955201759934425
0.919900000095367,682,-0.0834903120994568
0.919799983501434,683,-0.0835990384221077
0.92330002784729,684,-0.0798010379076004
0.930999994277954,685,-0.0714960098266602
0.925499975681305,686,-0.077421173453331
0.909900009632111,687,-0.0944205671548843
0.913500010967255,688,-0.0904718935489655
0.92220002412796,689,-0.0809931308031082
0.923099994659424,690,-0.0800177156925201
0.918099999427795,691,-0.0854489654302597
0.909900009632111,692,-0.0944205671548843
0.915899991989136,693,-0.0878480970859528
0.914900004863739,694,-0.0889405012130737
0.918099999427795,695,-0.0854489654302597
0.914099991321564,696,-0.0898153111338615
0.916800022125244,697,-0.0868659093976021
0.915000021457672,698,-0.0888311937451363
0.911800026893616,699,-0.09233458340168
0.900799989700317,700,-0.104472033679485
0.907800018787384,701,-0.0967311710119247
0.907700002193451,702,-0.0968413501977921
0.90939998626709,703,-0.0949702560901642
0.906499981880188,704,-0.0981642678380013
0.902499973773956,705,-0.10258661955595
0.898699998855591,706,-0.106806002557278
0.890600025653839,707,-0.115859858691692
0.889299988746643,708,-0.117320656776428
0.892499983310699,709,-0.113728784024715
0.896499991416931,710,-0.109256997704506
0.892099976539612,711,-0.114177070558071
0.903699994087219,712,-0.101257838308811
0.906000018119812,713,-0.0987159535288811
0.8992999792099,714,-0.106138616800308
0.904399991035461,715,-0.100483551621437
0.903699994087219,716,-0.101257838308811
0.89630001783371,717,-0.109480082988739
0.897499978542328,718,-0.108142182230949
0.899900019168854,719,-0.105471611022949
0.890999972820282,720,-0.115410879254341
0.893499970436096,721,-0.112608976662159
0.881099998950958,722,-0.126584157347679
0.88289999961853,723,-0.124543339014053
0.88129997253418,724,-0.126357212662697
0.884899973869324,725,-0.122280664741993
0.878099977970123,726,-0.129994824528694
0.883199989795685,727,-0.124203614890575
0.878099977970123,728,-0.129994824528694
0.876999974250793,729,-0.131248310208321
0.881099998950958,730,-0.126584157347679
0.881200015544891,731,-0.126470640301704
0.886300027370453,732,-0.120699755847454
0.887899994850159,733,-0.118896164000034
0.895799994468689,734,-0.110038109123707
0.889699995517731,735,-0.116870954632759
0.889800012111664,736,-0.116758547723293
0.885599970817566,737,-0.121489927172661
0.891600012779236,738,-0.114737659692764
0.890500009059906,739,-0.11597216874361
0.888400018215179,740,-0.118333168327808
0.890399992465973,741,-0.116084486246109
0.894500017166138,742,-0.111490353941917
0.897599995136261,743,-0.108030751347542
0.904399991035461,744,-0.100483551621437
0.903999984264374,745,-0.10092593729496
0.901899993419647,746,-0.10325163602829
0.899699985980988,747,-0.1056939214468
0.897199988365173,748,-0.108476489782333
0.886399984359741,749,-0.120586983859539
0.877300024032593,750,-0.130906239151955
0.877799987792969,751,-0.13033652305603
0.884299993515015,752,-0.122958913445473
0.882200002670288,753,-0.125336483120918
0.890100002288818,754,-0.116421461105347
0.90310001373291,755,-0.10192197561264
0.899200022220612,756,-0.106249772012234
0.894599974155426,757,-0.111378617584705
0.893100023269653,758,-0.113056696951389
0.892499983310699,759,-0.113728784024715
0.888199985027313,760,-0.11855835467577
0.892499983310699,761,-0.113728784024715
0.890500009059906,762,-0.11597216874361
0.893499970436096,763,-0.112608976662159
0.891300022602081,764,-0.115074180066586
0.883400022983551,765,-0.123977154493332
0.879999995231628,766,-0.127833381295204
0.884400010108948,767,-0.122845821082592
0.883800029754639,768,-0.123524449765682
0.883599996566772,769,-0.123750813305378
0.878199994564056,770,-0.129880920052528
0.865499973297119,771,-0.144447937607765
0.860499978065491,772,-0.150241687893868
0.864300012588501,773,-0.145835340023041
0.864799976348877,774,-0.145257040858269
0.859399974346161,775,-0.15152083337307
0.861299991607666,776,-0.149312406778336
0.868499994277954,777,-0.140987694263458
0.867200016975403,778,-0.14248563349247
0.869300007820129,779,-0.140066981315613
0.869000017642975,780,-0.140412136912346
0.872699975967407,781,-0.136163458228111
0.877799987792969,782,-0.13033652305603
0.876800000667572,783,-0.131476357579231
0.873000025749207,784,-0.135819688439369
0.871299982070923,785,-0.13776895403862
0.873000025749207,786,-0.135819688439369
0.876399993896484,787,-0.13193267583847
0.870500028133392,788,-0.138687491416931
0.871200025081635,789,-0.137883678078651
0.875699996948242,790,-0.132731720805168
0.871299982070923,791,-0.13776895403862
0.8682000041008,792,-0.141333177685738
0.864199995994568,793,-0.145951062440872
0.865800023078918,794,-0.144101321697235
0.865199983119965,795,-0.144794598221779
0.870500028133392,796,-0.138687491416931
0.869899988174439,797,-0.139377027750015
0.87720000743866,798,-0.131020247936249
0.879499971866608,799,-0.12840174138546
0.875199973583221,800,-0.133302882313728
0.876800000667572,801,-0.131476357579231
0.875899970531464,802,-0.132503390312195
0.876999974250793,803,-0.131248310208321
0.881600022315979,804,-0.126016810536385
0.882300019264221,805,-0.125223129987717
0.882600009441376,806,-0.12488317489624
0.880500018596649,807,-0.127265334129334
0.883599996566772,808,-0.123750813305378
0.883599996566772,809,-0.123750813305378
0.879100024700165,810,-0.128856599330902
0.876800000667572,811,-0.131476357579231
0.876699984073639,812,-0.131590440869331
0.872600018978119,813,-0.136278003454208
0.871100008487701,814,-0.13799849152565
0.871699988842011,815,-0.137309968471527
0.880599975585938,816,-0.127151817083359
0.878199994564056,817,-0.129880920052528
0.880400002002716,818,-0.127378925681114
0.877900004386902,819,-0.130222588777542
0.880500018596649,820,-0.127265334129334
0.875,821,-0.133531391620636
0.879299998283386,822,-0.128629148006439
0.879400014877319,823,-0.128515407443047
0.88289999961853,824,-0.124543339014053
0.879199981689453,825,-0.128742903470993
0.880200028419495,826,-0.127606093883514
0.883000016212463,827,-0.124430060386658
0.888499975204468,828,-0.118220657110214
0.889800012111664,829,-0.116758547723293
0.889299988746643,830,-0.117320656776428
0.887700021266937,831,-0.119121409952641
0.889699995517731,832,-0.116870954632759
0.891499996185303,833,-0.114849843084812
0.897800028324127,834,-0.107807919383049
0.898000001907349,835,-0.107585206627846
0.902800023555756,836,-0.102254204452038
0.900200009346008,837,-0.105138309299946
0.906199991703033,838,-0.098495252430439
0.903199970722199,839,-0.101811297237873
0.913299977779388,840,-0.0906908884644508
0.916599988937378,841,-0.0870841220021248
0.914799988269806,842,-0.089049831032753
0.903999984264374,843,-0.10092593729496
0.908800005912781,844,-0.0956302210688591
0.91159999370575,845,-0.0925539880990982
0.910700023174286,846,-0.093541719019413
0.902199983596802,847,-0.102919071912766
0.907400012016296,848,-0.0971718952059746
0.91049998998642,849,-0.0937613919377327
0.92059999704361,850,-0.0827296525239944
0.921299993991852,851,-0.0819695666432381
0.919099986553192,852,-0.0843603610992432
0.926500022411346,853,-0.0763412117958069
0.92330002784729,854,-0.0798010379076004
0.921999990940094,855,-0.0812100619077683
0.92849999666214,856,-0.0741849020123482
0.931299984455109,857,-0.0711738392710686
0.937300026416779,858,-0.0647518485784531
0.933899998664856,859,-0.0683859139680862
0.939000010490418,860,-0.0629397854208946
0.942399978637695,861,-0.0593254901468754
0.939100027084351,862,-0.0628332793712616
0.945699989795685,863,-0.0558298975229263
0.94489997625351,864,-0.0566762015223503
0.944599986076355,865,-0.0569937378168106
0.944500029087067,866,-0.057099562138319
0.947300016880035,867,-0.0541394278407097
0.944000005722046,868,-0.0576291084289551
0.944800019264221,869,-0.056781992316246
0.944199979305267,870,-0.0574172921478748
0.948300004005432,871,-0.0530843660235405
0.95440000295639,872,-0.0466724038124085
0.964600026607513,873,-0.0360417440533638
0.970499992370606,874,-0.0299438834190369
0.978600025177002,875,-0.0216322746127844
0.969200015068054,876,-0.0312842726707458
0.982500016689301,877,-0.0176549181342125
0.988499999046326,878,-0.0115666370838881
0.985599994659424,879,-0.0145046915858984
0.989300012588501,880,-0.0107576437294483
0.984000027179718,881,-0.0161293540149927
0.981599986553192,882,-0.0185713991522789
0.97299998998642,883,-0.0273712072521448
0.986899971961975,884,-0.0131865898147225
0.993799984455109,885,-0.00621931534260511
0.989000022411346,886,-0.011060924269259
0.992699980735779,887,-0.00732679478824139
0.990400016307831,888,-0.00964636076241732
1.00720000267029,889,0.0071742064319551
1.00870001316071,890,0.00866238586604595
1.0077999830246,891,0.00776972062885761
1.00670003890991,892,0.00667769322171807
1.01559996604919,893,0.0154795376583934
1.00979995727539,894,0.00975224934518337
0.993300020694733,895,-0.00672252476215363
0.994499981403351,896,-0.00551519962027669
0.999700009822845,897,-0.000300035171676427
0.988200008869171,898,-0.0118701634928584
0.97790002822876,899,-0.0223478339612484
0.987900018692017,900,-0.0121737821027637
0.979600012302399,901,-0.0206109415739775
0.984300017356873,902,-0.0158245321363211
0.988200008869171,903,-0.0118701634928584
0.984600007534027,904,-0.0155198043212295
0.96399998664856,905,-0.0366639979183674
0.973800003528595,906,-0.026549331843853
0.965300023555756,907,-0.0353163219988346
0.971400022506714,908,-0.029016925022006
0.977800011634827,909,-0.0224501173943281
0.97869998216629,910,-0.0215301364660263
0.986699998378754,911,-0.0133892390877008
0.981599986553192,912,-0.0185713991522789
0.98360002040863,913,-0.016535947099328
0.977500021457672,914,-0.0227569658309221
0.97790002822876,915,-0.0223478339612484
0.979600012302399,916,-0.0206109415739775
0.96969997882843,917,-0.0307685546576977
0.972599983215332,918,-0.0277823973447084
0.973100006580353,919,-0.0272684209048748
0.981400012969971,920,-0.0187751427292824
0.98199999332428,921,-0.0181639771908522
0.982900023460388,922,-0.0172478687018156
0.980599999427795,923,-0.019590649753809
0.995899975299835,924,-0.00410845270380378
0.992299973964691,925,-0.00772982416674495
0.991100013256073,926,-0.00893982779234648
0.984300017356873,927,-0.0158245321363211
0.981700003147125,928,-0.018469512462616
0.975199997425079,929,-0.0251127034425735
0.972400009632111,930,-0.0279880259186029
0.976100027561188,931,-0.0241902098059654
0.974300026893616,932,-0.0260359868407249
0.972299993038178,933,-0.0280908867716789
0.968500018119812,934,-0.0320067778229713
0.978900015354157,935,-0.021325770765543
0.981700003147125,936,-0.018469512462616
0.983900010585785,937,-0.0162310022860765
0.982200026512146,938,-0.0179602988064289
0.981500029563904,939,-0.0186732355505228
0.979700028896332,940,-0.0205088462680578
0.975499987602234,941,-0.0248051322996616
0.977199971675873,942,-0.0230639688670635
0.987900018692017,943,-0.0121737821027637
0.985899984836578,944,-0.0142003651708365
0.984200000762939,945,-0.0159261506050825
0.987100005149841,946,-0.0129839219152927
0.982100009918213,947,-0.0180621333420277
0.981599986553192,948,-0.0185713991522789
0.979600012302399,949,-0.0206109415739775
0.986800014972687,950,-0.0132878795266151
0.986100018024445,951,-0.0139974914491177
0.985400021076202,952,-0.014707607217133
0.981000006198883,953,-0.019182812422514
0.982400000095367,954,-0.0177567210048437
0.971800029277802,955,-0.0286052264273167
0.97079998254776,956,-0.0296348240226507
0.973200023174286,957,-0.0271656438708305
0.978200018405914,958,-0.0220411121845245
0.977199971675873,959,-0.0230639688670635
0.974200010299683,960,-0.0261386465281248
0.976700007915497,961,-0.0235757287591696
0.984300017356873,962,-0.0158245321363211
0.985099971294403,963,-0.0150121496990323
0.983500003814697,964,-0.0166376363486052
0.988099992275238,965,-0.0119713796302676
0.997099995613098,966,-0.00290421745739877
0.995299994945526,967,-0.00471108499914408
0.999400019645691,968,-0.000600160390604287
0.997399985790253,969,-0.00260340003296733
1.00919997692108,970,0.00915791466832161
1.0139000415802,971,0.0138043221086264
1.01049995422363,972,0.0104452129453421
1.00600004196167,973,0.00598211353644729
1.00339996814728,974,0.00339420139789581
1.00820004940033,975,0.00816661212593317
1.00829994678497,976,0.00826569180935621
1.0106999874115,977,0.0106431478634477
1.00240004062653,978,0.00239716516807675
0.998399972915649,979,-0.00160130846779794
0.996599972248077,980,-0.003405821043998
0.99370002746582,981,-0.00631990097463131
0.991299986839294,982,-0.00873807910829783
0.989499986171722,983,-0.0105555281043053
0.9932000041008,984,-0.0068232212215662
0.992699980735779,985,-0.00732679478824139
0.996800005435944,986,-0.0032051254529506
0.999899983406067,987,-0.000100021592515986
0.99889999628067,988,-0.00110060919541866
1.0081000328064,989,0.00806740391999483
1.00880002975464,990,0.00876153539866209
1.00730001926422,991,0.00727350311353803
1.00829994678497,992,0.00826569180935621
1.01890003681183,993,0.0187236499041319
1.02260005474091,994,0.0223484579473734
1.02100002765656,995,0.0207825656980276
1.02670001983643,996,0.0263497941195965
1.02540004253387,997,0.0250828210264444
1.0217000246048,998,0.0214679315686226
1.02680003643036,999,0.0264472048729658
1.0217000246048,1000,0.0214679315686226
1.03050005435944,1001,0.0300441738218069
1.03579998016357,1002,0.0351740568876266
1.041100025177,1003,0.0402778722345829
1.0460000038147,1004,0.0449733696877956
1.04849994182587,1005,0.0473605170845985
1.03610002994537,1006,0.0354636944830418
1.04180002212524,1007,0.0409500077366829
1.04690003395081,1008,0.0458334498107433
1.04190003871918,1009,0.041046004742384
1.04470002651215,1010,0.0437297895550728
1.04670000076294,1011,0.0456423573195934
1.05350005626678,1012,0.052118007093668
1.05350005626678,1013,0.052118007093668
1.05710005760193,1014,0.0555293634533882
1.0576000213623,1015,0.0560022108256817
1.05690002441406,1016,0.0553401187062264
1.06599998474121,1017,0.0639133080840111
1.06770002841949,1018,0.0655068308115006
1.07290005683899,1019,0.0703653171658516
1.07669997215271,1020,0.0739007815718651
1.08249998092651,1021,0.0792731642723084
1.08379995822907,1022,0.0804733484983444
1.08329999446869,1023,0.0800119340419769
1.08609998226166,1024,0.082593284547329
1.07760000228882,1025,0.0747363492846489
1.07389998435974,1026,0.0712968707084656
1.0760999917984,1027,0.073343388736248
1.08749997615814,1028,0.0838814601302147
1.0842000246048,1029,0.080842413008213
1.08280003070831,1030,0.0795503035187721
1.08010005950928,1031,0.0770536810159683
1.07400000095367,1032,0.0713899955153465
1.07469999790192,1033,0.0720415487885475
1.07159996032715,1034,0.0691528245806694
1.08340001106262,1035,0.0801042541861534
1.07990002632141,1036,0.0768684670329094
1.07079994678497,1037,0.0684059858322144
1.07439994812012,1038,0.071762315928936
1.08210003376007,1039,0.0789036303758621
1.0786999464035,1040,0.0757565647363663
1.07829999923706,1041,0.0753857269883156
1.07819998264313,1042,0.0752929672598839
1.07969999313355,1043,0.0766832157969475
1.07630002498627,1044,0.0735292583703995
1.07790005207062,1045,0.0750147551298142
1.08350002765656,1046,0.0801965668797493
1.08829998970032,1047,0.0846168398857117
1.09669995307922,1048,0.0923056304454803
1.09969997406006,1049,0.0950373932719231
1.10140001773834,1050,0.0965821146965027
1.1061999797821,1051,0.100930698215961
1.10280001163483,1052,0.0978524088859558
1.10230004787445,1053,0.0973989516496658
1.08700001239777,1054,0.0834216177463532
1.07249999046326,1055,0.0699923634529114
1.06060004234314,1056,0.0588348247110844
1.06239998340607,1057,0.0605304837226868
1.05900001525879,1058,0.057325080037117
1.06130003929138,1059,0.0594946071505547
1.05449998378754,1060,0.0530667044222355
1.06439995765686,1061,0.0624112188816071
1.06729996204376,1062,0.0651320591568947
1.06770002841949,1063,0.0655068308115006
1.07079994678497,1064,0.0684059858322144
1.07620000839233,1065,0.073436327278614
1.0900000333786,1066,0.0861777290701866
1.09039998054504,1067,0.086544580757618
1.07650005817413,1068,0.073715090751648
1.07360005378723,1069,0.0710175409913063
1.07109999656677,1070,0.0686861574649811
1.06210005283356,1071,0.0602481290698051
1.06840002536774,1072,0.0661622285842896
1.07219994068146,1073,0.0697125568985939
1.08029997348785,1074,0.0772387534379959
1.07509994506836,1075,0.0724136307835579
1.07729995250702,1076,0.0744578689336777
1.08010005950928,1077,0.0770536810159683
1.08720004558563,1078,0.0836056247353554
1.09070003032684,1079,0.0868197232484818
1.08819997310638,1080,0.084524929523468
1.08570003509521,1081,0.0822249725461006
1.09660005569458,1082,0.0922145321965218
1.0949000120163,1083,0.0906630456447601
1.10389995574951,1084,0.0988493263721466
1.10399997234344,1085,0.0989399254322052
1.09990000724792,1086,0.0952192768454552
1.10099995136261,1087,0.0962188169360161
1.11800003051758,1088,0.111541405320168
1.12380003929138,1089,0.116715833544731
1.12000000476837,1090,0.113328687846661
1.12709999084473,1091,0.119647957384586
1.13540005683899,1092,0.126985058188438
1.13399994373322,1093,0.125751152634621
1.14530003070831,1094,0.135666638612747
1.14979994297028,1095,0.139587968587875
1.15569996833801,1096,0.144706189632416
1.14989995956421,1097,0.139674946665764
1.14979994297028,1098,0.139587968587875
1.14569997787476,1099,0.13601578772068
1.1541999578476,1100,0.143407419323921
1.16859996318817,1101,0.155806422233582
1.16849994659424,1102,0.155720829963684
1.1706999540329,1103,0.157601818442345
1.16999995708466,1104,0.157003715634346
1.17859995365143,1105,0.164327248930931
1.18529999256134,1106,0.169995903968811
1.1742000579834,1107,0.16058711707592
1.18350005149841,1108,0.168476194143295
1.17659997940063,1109,0.162628903985024
1.17439997196198,1110,0.160757347941399
1.17019999027252,1111,0.157174661755562
1.17079997062683,1112,0.157687246799469
1.18700003623962,1113,0.171429142355919
1.16949999332428,1114,0.156576305627823
1.17429995536804,1115,0.160672187805176
1.16859996318817,1116,0.155806422233582
1.17639994621277,1117,0.162458881735802
1.17669999599457,1118,0.162713900208473
1.18299996852875,1119,0.168053552508354
1.1842999458313,1120,0.169151842594147
1.18120002746582,1121,0.166530892252922
1.1710000038147,1122,0.157858088612556
1.167799949646,1123,0.155121594667435
1.16159999370575,1124,0.149798363447189
1.15480005741119,1125,0.143927216529846
1.14979994297028,1126,0.139587968587875
1.15919995307922,1127,0.147730067372322
1.14289999008179,1128,0.1335688829422
1.14230000972748,1129,0.13304378092289
1.15020000934601,1130,0.139935851097107
1.15799999237061,1131,0.146694377064705
1.15240001678467,1132,0.141846746206284
1.15030002593994,1133,0.140022799372673
1.13409996032715,1134,0.125839352607727
1.12650001049042,1135,0.119115486741066
1.1311000585556,1136,0.12319066375494
1.13900005817413,1137,0.130150735378265
1.13039994239807,1138,0.122571498155594
1.12979996204376,1139,0.122040592133999
1.12329995632172,1140,0.116270743310452
1.12090003490448,1141,0.114131964743137
1.11640000343323,1142,0.110109224915504
1.12390005588532,1143,0.116804830729961
1.13460004329681,1144,0.126280203461647
1.13250005245209,1145,0.124427624046803
1.14839994907379,1146,0.138369619846344
1.14409995079041,1147,0.134618252515793
1.15129995346069,1148,0.140891700983048
1.14970004558563,1149,0.139501079916954
1.14660000801086,1150,0.136801049113274
1.13670003414154,1151,0.128129363059998
1.12310004234314,1152,0.116092756390572
1.12520003318787,1153,0.117960825562477
1.13370001316071,1154,0.125486627221107
1.13489997386932,1155,0.126544520258904
1.1356999874115,1156,0.127249196171761
1.13900005817413,1157,0.130150735378265
1.13209998607636,1158,0.124074302613735
1.13489997386932,1159,0.126544520258904
1.13039994239807,1160,0.122571498155594
1.13170003890991,1161,0.123720958828926
1.12489998340607,1162,0.11769412457943
1.12549996376038,1163,0.11822734773159
1.11380004882813,1164,0.107777632772923
1.1117000579834,1165,0.105890430510044
1.11039996147156,1166,0.104720279574394
1.09759998321533,1167,0.0931259617209435
1.0871000289917,1168,0.0835136249661446
1.08920001983643,1169,0.0854434967041016
1.08930003643036,1170,0.0855353251099587
1.09060001373291,1171,0.0867280140519142
1.08959996700287,1172,0.085810624063015
1.09860002994537,1173,0.0940366685390472
1.08720004558563,1174,0.0836056247353554
1.08449995517731,1175,0.0811190083622932
1.08990001678467,1176,0.0860859677195549
1.10730004310608,1177,0.101924657821655
1.11240005493164,1178,0.106519892811775
1.11899995803833,1179,0.112435393035412
1.119500041008,1180,0.112882196903229
1.11860001087189,1181,0.112077914178371
1.13069999217987,1182,0.122836902737618
1.13039994239807,1183,0.122571498155594
1.11660003662109,1184,0.110288389027119
1.12390005588532,1185,0.116804830729961
1.12399995326996,1186,0.116893708705902
1.13460004329681,1187,0.126280203461647
1.14680004119873,1188,0.13697549700737
1.14869999885559,1189,0.138630867004395
1.14719998836517,1190,0.137324184179306
1.14839994907379,1191,0.138369619846344
1.14820003509521,1192,0.138195529580116
1.15779995918274,1193,0.146521613001823
1.16499996185303,1194,0.152721047401428
1.17079997062683,1195,0.157687246799469
1.17170000076294,1196,0.158455684781075
1.15960001945496,1197,0.148075133562088
1.17060005664825,1198,0.157516479492188
1.17840003967285,1199,0.1641576141119
1.18050003051758,1200,0.16593810915947
1.16949999332428,1201,0.156576305627823
1.18120002746582,1202,0.166530892252922
1.17239999771118,1203,0.159052923321724
1.16519999504089,1204,0.152892738580704
1.16649997234344,1205,0.154007792472839
1.16299998760223,1206,0.151002869009972
1.16709995269775,1207,0.154522001743317
1.16760003566742,1208,0.154950395226479
1.18050003051758,1209,0.16593810915947
1.17949998378754,1210,0.16509060561657
1.18330001831055,1211,0.168307155370712
1.17620003223419,1212,0.162288933992386
1.16890001296997,1213,0.156063139438629
1.16729998588562,1214,0.154693379998207
1.16939997673035,1215,0.15649077296257
1.16089999675751,1216,0.149195566773415
1.14540004730225,1217,0.135753959417343
1.14970004558563,1218,0.139501079916954
1.14730000495911,1219,0.13741135597229
1.14170002937317,1220,0.132518410682678
1.15050005912781,1221,0.140196681022644
1.15149998664856,1222,0.141065433621407
1.16470003128052,1223,0.15246357023716
1.17110002040863,1224,0.15794350206852
1.17429995536804,1225,0.160672187805176
1.17439997196198,1226,0.160757347941399
1.18929994106293,1227,0.173364847898483
1.19089996814728,1228,0.174709290266037
1.18949997425079,1229,0.173533022403717
1.19130003452301,1230,0.175045177340508
1.1768000125885,1231,0.162798896431923
1.17850005626678,1232,0.164242491126061
1.19179999828339,1233,0.175464764237404
1.19949996471405,1234,0.181904777884483
1.1956000328064,1235,0.178648173809052
1.20840001106262,1236,0.189297184348106
1.20930004119873,1237,0.190041720867157
1.20770001411438,1238,0.188717737793922
1.21570003032684,1239,0.195320069789886
1.22169995307922,1240,0.200243294239044
1.22290003299713,1241,0.201225116848946
1.22150003910065,1242,0.200079649686813
1.21640002727509,1243,0.195895701646805
1.22839999198914,1244,0.205712497234344
1.22899997234344,1245,0.206200808286667
1.23280000686646,1246,0.209288015961647
1.23810005187988,1247,0.21357798576355
1.23759996891022,1248,0.213174000382423
1.23800003528595,1249,0.213497206568718
1.24150002002716,1250,0.216320335865021
1.24059998989105,1251,0.215595126152039
1.24639999866486,1252,0.22025939822197
1.24409997463226,1253,0.218412354588509
1.24849998950958,1254,0.221942827105522
1.25209999084473,1255,0.224822133779526
1.25969994068146,1256,0.230873554944992
1.25919997692108,1257,0.230476573109627
1.26789999008179,1258,0.23736198246479
1.27730000019073,1259,0.244748473167419
1.2664999961853,1260,0.236257180571556
1.2771999835968,1261,0.244670167565346
1.2853000164032,1262,0.250992178916931
1.28020000457764,1263,0.247016325592995
1.27349996566772,1264,0.24176898598671
1.27260005474091,1265,0.241062089800835
1.25880002975464,1266,0.230158910155296
1.23950004577637,1267,0.214708104729652
1.25839996337891,1268,0.229841038584709
1.26170003414154,1269,0.232460051774979
1.2717000246048,1270,0.240354612469673
1.2610000371933,1271,0.231905087828636
1.25520002841949,1272,0.227294951677322
1.26429998874664,1273,0.234518602490425
1.26199996471405,1274,0.232697740197182
1.23889994621277,1275,0.214223846793175
1.24520003795624,1276,0.219296187162399
1.24259996414185,1277,0.217205926775932
1.2561000585556,1278,0.228011727333069
1.25520002841949,1279,0.227294951677322
1.26059997081757,1280,0.231587767601013
1.2694000005722,1281,0.238544344902039
1.26719999313355,1282,0.236809730529785
1.27269995212555,1283,0.241140589118004
1.28149998188019,1284,0.248031258583069
1.28069996833801,1285,0.247406780719757
1.27509999275208,1286,0.243024602532387
1.28480005264282,1287,0.25060310959816
1.28120005130768,1288,0.247797176241875
1.2684999704361,1289,0.237835079431534
1.25629997253418,1290,0.228170871734619
1.25689995288849,1291,0.228648334741592
1.26919996738434,1292,0.238386750221252
1.2503000497818,1293,0.22338356077671
1.24440002441406,1294,0.218653500080109
1.24409997463226,1295,0.218412354588509
1.24310004711151,1296,0.21760830283165
1.22119998931885,1297,0.19983397424221
1.20879995822907,1298,0.189628094434738
1.2224999666214,1299,0.200897917151451
1.24010002613068,1300,0.215192049741745
1.23710000514984,1301,0.212769940495491
1.24279999732971,1302,0.217366889119148
1.22259998321533,1303,0.200979724526405
1.22679996490479,1304,0.204409122467041
1.21909999847412,1305,0.19811287522316
1.22430002689362,1306,0.202369272708893
1.22699999809265,1307,0.204572170972824
1.21969997882843,1308,0.198604911565781
1.23919999599457,1309,0.214466005563736
1.22689998149872,1310,0.204490646719933
1.23679995536804,1311,0.212527364492416
1.23109996318817,1312,0.207908049225807
1.22130000591278,1313,0.199915871024132
1.21700000762939,1314,0.196388825774193
1.2092000246048,1315,0.18995900452137
1.21410000324249,1316,0.194003060460091
1.22019994258881,1317,0.199014738202095
1.22920000553131,1318,0.206363558769226
1.23580002784729,1319,0.211718559265137
1.21089994907379,1320,0.191363841295242
1.2007999420166,1321,0.182987958192825
1.208899974823,1322,0.189710840582848
1.21710002422333,1323,0.196471005678177
1.20879995822907,1324,0.189628094434738
1.21019995212555,1325,0.190785601735115
1.20679998397827,1326,0.187972217798233
1.19229996204376,1327,0.175884187221527
1.19400000572205,1328,0.177309021353722
1.19140005111694,1329,0.175129130482674
1.20249998569489,1330,0.184402704238892
1.20190000534058,1331,0.183903649449348
1.19099998474121,1332,0.174793273210526
1.18529999256134,1333,0.169995903968811
1.18610000610352,1334,0.170670613646507
1.18019998073578,1335,0.165683895349503
1.18509995937347,1336,0.169827118515968
1.19270002841949,1337,0.176219671964645
1.18299996852875,1338,0.168053552508354
1.19449996948242,1339,0.177727669477463
1.19749999046326,1340,0.180236041545868
1.19369995594025,1341,0.177057683467865
1.20759999752045,1342,0.188634917140007
1.21650004386902,1343,0.195977926254272
1.20899999141693,1344,0.189793571829796
1.18850004673004,1345,0.17269204556942
1.18340003490448,1346,0.168391674757004
1.18180000782013,1347,0.167038708925247
1.19110000133514,1348,0.174877256155014
1.18009996414185,1349,0.165599152445793
1.18739998340607,1350,0.171766027808189
1.20089995861053,1351,0.183071240782738
1.19710004329681,1352,0.179902002215385
1.20150005817413,1353,0.183570832014084
1.19260001182556,1354,0.176135808229446
1.20089995861053,1355,0.183071240782738
1.19780004024506,1356,0.18048657476902
1.21070003509521,1357,0.191198736429214
1.21019995212555,1358,0.190785601735115
1.22739994525909,1359,0.204898059368134
1.22169995307922,1360,0.200243294239044
1.22099995613098,1361,0.199670165777206
1.22500002384186,1362,0.202940866351128
1.22049999237061,1363,0.199260607361794
1.22580003738403,1364,0.203593716025352
1.23199999332428,1365,0.208638861775398
1.22730004787445,1366,0.204816669225693
1.20969998836517,1367,0.19037239253521
1.21099996566772,1368,0.19144643843174
1.2010999917984,1369,0.183237791061401
1.20729994773865,1370,0.188386425375938
1.21389997005463,1371,0.19383829832077
1.20060002803803,1372,0.182821452617645
1.2039999961853,1373,0.18564935028553
1.2117999792099,1374,0.19210684299469
1.21099996566772,1375,0.19144643843174
1.2092000246048,1376,0.18995900452137
1.20899999141693,1377,0.189793571829796
1.21700000762939,1378,0.196388825774193
1.21449995040894,1379,0.194332435727119
1.21930003166199,1380,0.198276951909065
1.21239995956421,1381,0.192601829767227
1.2179000377655,1382,0.197128102183342
1.21580004692078,1383,0.195402339100838
1.23070001602173,1384,0.207583129405975
1.22899997234344,1385,0.206200808286667
1.23839998245239,1386,0.213820204138756
1.2389999628067,1387,0.214304566383362
1.23880004882813,1388,0.214143201708794
1.24090003967285,1389,0.215836957097054
1.23020005226135,1390,0.207176804542541
1.23849999904633,1391,0.213900968432426
1.23730003833771,1392,0.212931618094444
1.24370002746582,1393,0.218090832233429
1.24310004711151,1394,0.21760830283165
1.23769998550415,1395,0.213254809379578
1.22239995002747,1396,0.200816094875336
1.22730004787445,1397,0.204816669225693
1.21220004558563,1398,0.192436933517456
1.21350002288818,1399,0.193508759140968
1.20560002326965,1400,0.186977386474609
1.20459997653961,1401,0.186147540807724
1.20700001716614,1402,0.188137963414192
1.20319998264313,1403,0.184984654188156
1.20340001583099,1404,0.185150891542435
1.20510005950928,1405,0.186562597751617
1.20570003986359,1406,0.187060341238976
1.20500004291534,1407,0.186479598283768
1.22720003128052,1408,0.204735174775124
1.22609996795654,1409,0.203838378190994
1.2305999994278,1410,0.207501858472824
1.22220003604889,1411,0.200652539730072
1.22239995002747,1412,0.200816094875336
1.23539996147156,1413,0.211394771933556
1.23329997062683,1414,0.209693476557732
1.23290002346039,1415,0.209369137883186
1.22990000247955,1416,0.206932872533798
1.23679995536804,1417,0.212527364492416
1.23239994049072,1418,0.208963438868523
1.2195999622345,1419,0.198522910475731
1.20990002155304,1420,0.190537735819817
1.20899999141693,1421,0.189793571829796
1.20840001106262,1422,0.189297184348106
1.20249998569489,1423,0.184402704238892
1.20490002632141,1424,0.186396598815918
1.21829998493195,1425,0.197456434369087
1.2179000377655,1426,0.197128102183342
1.21640002727509,1427,0.195895701646805
1.20519995689392,1428,0.186645492911339
1.20930004119873,1429,0.190041720867157
1.21640002727509,1430,0.195895701646805
1.21889996528625,1431,0.197948783636093
1.22819995880127,1432,0.205549642443657
1.22510004043579,1433,0.203022509813309
1.22679996490479,1434,0.204409122467041
1.21440005302429,1435,0.194250166416168
1.21539998054504,1436,0.19507323205471
1.21739995479584,1437,0.196717396378517
1.21720004081726,1438,0.196553170681
1.22640001773834,1439,0.204083070158958
1.22609996795654,1440,0.203838378190994
1.22979998588562,1441,0.206851541996002
1.22560000419617,1442,0.203430518507957
1.23070001602173,1443,0.207583129405975
1.2305999994278,1444,0.207501858472824
1.23080003261566,1445,0.207664385437965
1.24170005321503,1446,0.216481447219849
1.24000000953674,1447,0.215111389756203
1.22739994525909,1448,0.204898059368134
1.23160004615784,1449,0.208314180374145
1.22979998588562,1450,0.206851541996002
1.228600025177,1451,0.205875337123871
1.24179995059967,1452,0.216561898589134
1.23199999332428,1453,0.208638861775398
1.22710001468658,1454,0.204653680324554
1.2393000125885,1455,0.214546710252762
1.24779999256134,1456,0.221381992101669
1.25199997425079,1457,0.224742248654366
1.25150001049042,1458,0.224342837929726
1.26269996166229,1459,0.233252257108688
1.26219999790192,1460,0.232856228947639
1.2639000415802,1461,0.234202206134796
1.27830004692078,1462,0.245531111955643
1.27579998970032,1463,0.243573427200317
1.27250003814697,1464,0.240983501076698
1.27590000629425,1465,0.243651822209358
1.2746000289917,1466,0.242632433772087
1.27409994602203,1467,0.242240011692047
1.27030003070831,1468,0.239253118634224
1.27869999408722,1469,0.245843932032585
1.28830003738403,1470,0.253323554992676
1.29379999637604,1471,0.257583618164062
1.29359996318817,1472,0.257429003715515
1.29299998283386,1473,0.256965100765228
1.29250001907349,1474,0.256578356027603
1.29729998111725,1475,0.260285168886185
1.29439997673035,1476,0.258047252893448
1.29789996147156,1477,0.26074755191803
1.30309998989105,1478,0.26474604010582
1.29820001125336,1479,0.260978698730469
1.30589997768402,1480,0.266892433166504
1.30480003356934,1481,0.266049802303314
1.30900001525879,1482,0.269263505935669
1.31620001792908,1483,0.274748802185059
1.32879996299744,1484,0.284276247024536
1.32860004901886,1485,0.284125804901123
1.32589995861053,1486,0.282091438770294
1.33080005645752,1487,0.285780310630798
1.32679998874664,1488,0.28277000784874
1.33899998664856,1489,0.291923046112061
1.34309995174408,1490,0.294980347156525
1.34370005130768,1491,0.295427054166794
1.32519996166229,1492,0.281563371419907
1.32739996910095,1493,0.283222109079361
1.32239997386932,1494,0.279448240995407
1.33089995384216,1495,0.285855382680893
1.32799994945526,1496,0.283674001693726
1.3429000377655,1497,0.294831484556198
1.3286999464035,1498,0.284200966358185
1.32949995994568,1499,0.284802913665771
1.33959996700287,1500,0.292371034622192
1.33770000934601,1501,0.290951728820801
1.33899998664856,1502,0.291923046112061
1.34909999370575,1503,0.299437701702118
1.353600025177,1504,0.302767723798752
1.36249995231628,1505,0.309321224689484
1.36210000514984,1506,0.309027642011642
1.35679996013641,1507,0.305128961801529
1.36230003833771,1508,0.309174478054047
1.35380005836487,1509,0.30291548371315
1.34759998321533,1510,0.298325210809708
1.32949995994568,1511,0.284802913665771
1.32920002937317,1512,0.284577280282974
1.31869995594025,1513,0.276646375656128
1.30620002746582,1514,0.267122179269791
1.31089997291565,1515,0.270713895559311
1.31610000133514,1516,0.27467280626297
1.32809996604919,1517,0.283749312162399
1.32070004940033,1518,0.278161942958832
1.31060004234314,1519,0.270485073328018
1.30429995059967,1520,0.265666455030441
1.30359995365143,1521,0.265129625797272
1.29589998722076,1522,0.259205430746078
1.30490005016327,1523,0.266126453876495
1.30410003662109,1524,0.265513181686401
1.29540002346039,1525,0.258819550275803
1.30809998512268,1526,0.268575698137283
1.30320000648499,1527,0.264822781085968
1.30330002307892,1528,0.264899522066116
1.30490005016327,1529,0.266126453876495
1.30169999599457,1530,0.263671100139618
1.3014999628067,1531,0.263517409563065
1.29589998722076,1532,0.259205430746078
1.29270005226135,1533,0.25673308968544
1.27730000019073,1534,0.244748473167419
1.27830004692078,1535,0.245531111955643
1.27970004081726,1536,0.246625706553459
1.2882000207901,1537,0.253245919942856
1.28639996051788,1538,0.251847594976425
1.29809999465942,1539,0.260901659727097
1.2985999584198,1540,0.261286735534668
1.29939997196198,1541,0.26190260052681
1.30830001831055,1542,0.268728584051132
1.30750000476837,1543,0.268116921186447
1.32299995422363,1544,0.27990186214447
1.32079994678497,1545,0.278237581253052
1.32050001621246,1546,0.278010457754135
1.31949996948242,1547,0.277252852916718
1.32739996910095,1548,0.283222109079361
1.31889998912811,1549,0.276798039674759
1.31270003318787,1550,0.27208611369133
1.31299996376038,1551,0.272314578294754
1.32439994812012,1552,0.280959486961365
1.3202999830246,1553,0.277858972549438
1.3342000246048,1554,0.288331866264343
1.33840000629425,1555,0.291474878787994
1.34089994430542,1556,0.293340981006622
1.34650003910065,1557,0.297508656978607
1.33459997177124,1558,0.288631588220596
1.33150005340576,1559,0.286306172609329
1.34230005741119,1560,0.294384598731995
1.33729994297028,1561,0.290652602910995
1.33109998703003,1562,0.286005645990372
1.31649994850159,1563,0.274976670742035
1.32099997997284,1564,0.278389006853104
1.30050003528595,1565,0.262748837471008
1.2956999540329,1566,0.25905105471611
1.29540002346039,1567,0.258819550275803
1.28770005702972,1568,0.252857714891434
1.29130005836487,1569,0.255649507045746
1.29439997673035,1570,0.258047252893448
1.29690003395081,1571,0.259976834058762
1.28960001468658,1572,0.254332095384598
1.28380000591278,1573,0.249824434518814
1.28419995307922,1574,0.25013592839241
1.28680002689362,1575,0.252158522605896
1.29059994220734,1576,0.255107194185257
1.29120004177094,1577,0.25557205080986
1.29719996452332,1578,0.260208070278168
1.28729999065399,1579,0.25254699587822
1.29180002212524,1580,0.25603660941124
1.28190004825592,1581,0.248343393206596
1.292799949646,1582,0.256810367107391
1.30369997024536,1583,0.26520636677742
1.30340003967285,1584,0.264976263046265
1.30799996852875,1585,0.268499225378036
1.3092999458313,1586,0.269492596387863
1.30680000782013,1587,0.267581403255463
1.29840004444122,1588,0.261132776737213
1.29639995098114,1589,0.259591162204742
1.29379999637604,1590,0.257583618164062
1.29159998893738,1591,0.255881756544113
1.29190003871918,1592,0.256114035844803
1.28569996356964,1593,0.251303285360336
1.28890001773834,1594,0.253789156675339
1.29359996318817,1595,0.257429003715515
1.29359996318817,1596,0.257429003715515
1.28320002555847,1597,0.249356985092163
1.28390002250671,1598,0.249902337789536
1.28770005702972,1599,0.252857714891434
1.28030002117157,1600,0.247094437479973
1.27059996128082,1601,0.239489197731018
1.26450002193451,1602,0.23467680811882
1.26300001144409,1603,0.233489856123924
1.26440000534058,1604,0.234597712755203
1.26600003242493,1605,0.235862344503403
1.26279997825623,1606,0.233331456780434
1.25530004501343,1607,0.227374628186226
1.25750005245209,1608,0.229125663638115
1.25880002975464,1609,0.230158910155296
1.26020002365112,1610,0.231270462274551
1.25170004367828,1611,0.224502667784691
1.25680005550385,1612,0.228568851947784
1.23489999771118,1613,0.210989996790886
1.22319996356964,1614,0.201470345258713
1.22660005092621,1615,0.204246148467064
1.22269999980927,1616,0.20106153190136
1.22679996490479,1617,0.204409122467041
1.22769999504089,1618,0.205142498016357
1.23199999332428,1619,0.208638861775398
1.22160005569458,1620,0.200161516666412
1.21270000934601,1621,0.192849293351173
1.20350003242493,1622,0.185234010219574
1.20379996299744,1623,0.185483187437058
1.21060001850128,1624,0.191116124391556
1.208899974823,1625,0.189710840582848
1.22399997711182,1626,0.202124163508415
1.21399998664856,1627,0.193920686841011
1.21340000629425,1628,0.193426340818405
1.21300005912781,1629,0.193096682429314
1.20539999008179,1630,0.186811447143555
1.20879995822907,1631,0.189628094434738
1.21519994735718,1632,0.194908633828163
1.20780003070831,1633,0.188800543546677
1.21010005474091,1634,0.190703049302101
1.20980000495911,1635,0.190455064177513
1.19570004940033,1636,0.178731828927994
1.19169998168945,1637,0.17538084089756
1.19179999828339,1638,0.175464764237404
1.19280004501343,1639,0.176303520798683
1.19340002536774,1640,0.176806390285492
1.20659995079041,1641,0.187806442379951
1.22000002861023,1642,0.198850885033607
1.20899999141693,1643,0.189793571829796
1.208899974823,1644,0.189710840582848
1.2036999464035,1645,0.185400098562241
1.20770001411438,1646,0.188717737793922
1.20009994506836,1647,0.182404845952988
1.20459997653961,1648,0.186147540807724
1.21130001544952,1649,0.191694170236588
1.20790004730225,1650,0.188883349299431
1.20539999008179,1651,0.186811447143555
1.20070004463196,1652,0.182904750108719
1.20480000972748,1653,0.186313584446907
1.2121000289917,1654,0.192354410886765
1.21290004253387,1655,0.193014219403267
1.21949994564056,1656,0.19844089448452
1.22090005874634,1657,0.199588343501091
1.23370003700256,1658,0.210017815232277
1.23829996585846,1659,0.213739439845085
1.23269999027252,1660,0.209206879138947
1.2360999584198,1661,0.211961224675179
1.23469996452332,1662,0.210827991366386
1.23450005054474,1663,0.210666075348854
1.24339997768402,1664,0.217849537730217
1.24279999732971,1665,0.217366889119148
1.23619997501373,1666,0.212042137980461
1.23420000076294,1667,0.210422992706299
1.22899997234344,1668,0.206200808286667
1.21780002117157,1669,0.197045966982842
1.2146999835968,1670,0.194497123360634
1.22350001335144,1671,0.201715618371963
1.22130000591278,1672,0.199915871024132
1.22389996051788,1673,0.202042445540428
1.23109996318817,1674,0.207908049225807
1.23239994049072,1675,0.208963438868523
1.22479999065399,1676,0.202777564525604
1.22039997577667,1677,0.199178650975227
1.23300004005432,1678,0.209450259804726
1.24469995498657,1679,0.218894496560097
1.25380003452301,1680,0.226178973913193
1.24829995632172,1681,0.221782594919205
1.2438999414444,1682,0.218251556158066
1.24000000953674,1683,0.215111389756203
1.24329996109009,1684,0.217769101262093
1.22880005836487,1685,0.206038132309914
1.22630000114441,1686,0.204001501202583
1.22819995880127,1687,0.205549642443657
1.22160005569458,1688,0.200161516666412
1.22140002250671,1689,0.199997752904892
1.21529996395111,1690,0.194990932941437
1.21770000457764,1691,0.196963831782341
1.2208000421524,1692,0.199506416916847
1.21529996395111,1693,0.194990932941437
1.20770001411438,1694,0.188717737793922
1.20360004901886,1695,0.185317099094391
1.2010999917984,1696,0.183237791061401
1.20159995555878,1697,0.183653965592384
1.20200002193451,1698,0.183986857533455
1.20580005645752,1699,0.187143296003342
1.19140005111694,1700,0.175129130482674
1.19179999828339,1701,0.175464764237404
1.19840002059937,1702,0.180987358093262
1.21329998970032,1703,0.193343907594681
1.21150004863739,1704,0.191859304904938
1.20150005817413,1705,0.183570832014084
1.2039999961853,1706,0.18564935028553
1.19379997253418,1707,0.177141472697258
1.20729994773865,1708,0.188386425375938
1.2039999961853,1709,0.18564935028553
1.19389998912811,1710,0.17722524702549
1.19879996776581,1711,0.181321024894714
1.1981999874115,1712,0.180820420384407
1.19579994678497,1713,0.178815379738808
1.19980001449585,1714,0.182154893875122
1.20990002155304,1715,0.190537735819817
1.20819997787476,1716,0.189131632447243
1.21480000019073,1717,0.19457945227623
1.208899974823,1718,0.189710840582848
1.19949996471405,1719,0.181904777884483
1.19980001449585,1720,0.182154893875122
1.20669996738434,1721,0.187889337539673
1.19710004329681,1722,0.179902002215385
1.18280005455017,1723,0.167884558439255
1.17949998378754,1724,0.16509060561657
1.17729997634888,1725,0.163223654031754
1.17480003833771,1726,0.161097958683968
1.17400002479553,1727,0.16041673719883
1.16670000553131,1728,0.154179260134697
1.16949999332428,1729,0.156576305627823
1.16719996929169,1730,0.154607698321342
1.17060005664825,1731,0.157516479492188
1.17410004138947,1732,0.160501927137375
1.17340004444122,1733,0.159905552864075
1.17369997501373,1734,0.160161137580872
1.17990005016327,1735,0.165429726243019
1.17239999771118,1736,0.159052923321724
1.18040001392365,1737,0.165853381156921
1.17859995365143,1738,0.164327248930931
1.17900002002716,1739,0.164666637778282
1.17019999027252,1740,0.157174661755562
1.16989994049072,1741,0.156918227672577
1.17869997024536,1742,0.16441211104393
1.17840003967285,1743,0.1641576141119
1.17219996452332,1744,0.158882290124893
1.18299996852875,1745,0.168053552508354
1.18239998817444,1746,0.167546257376671
1.19690001010895,1747,0.179734885692596
1.19260001182556,1748,0.176135808229446
1.20410001277924,1749,0.185732409358025
1.19649994373322,1750,0.179400578141212
1.20120000839233,1751,0.183321058750153
1.19959998130798,1752,0.181988149881363
1.18480002880096,1753,0.16957400739193
1.18159997463226,1754,0.166869431734085
1.18830001354218,1755,0.172523722052574
1.18570005893707,1756,0.170333370566368
1.18560004234314,1757,0.17024901509285
1.1875,1758,0.171850264072418
1.1845999956131,1759,0.169405162334442
1.18420004844666,1760,0.169067487120628
1.19799995422363,1761,0.180653467774391
1.20910000801086,1762,0.189876288175583
1.21010005474091,1763,0.190703049302101
1.21480000019073,1764,0.19457945227623
1.20640003681183,1765,0.187640741467476
1.2063000202179,1766,0.187557846307755
1.21350002288818,1767,0.193508759140968
1.20350003242493,1768,0.185234010219574
1.21029996871948,1769,0.190868243575096
1.20729994773865,1770,0.188386425375938
1.20829999446869,1771,0.189214408397675
1.21099996566772,1772,0.19144643843174
1.21010005474091,1773,0.190703049302101
1.22759997844696,1774,0.205061033368111
1.22870004177094,1775,0.205956727266312
1.22520005702972,1776,0.203104138374329
1.22290003299713,1777,0.201225116848946
1.21300005912781,1778,0.193096682429314
1.20910000801086,1779,0.189876288175583
1.21580004692078,1780,0.195402339100838
1.2092000246048,1781,0.18995900452137
1.21000003814697,1782,0.190620392560959
1.20210003852844,1783,0.184070065617561
1.19710004329681,1784,0.179902002215385
1.19739997386932,1785,0.180152520537376
1.19350004196167,1786,0.176890209317207
1.19630002975464,1787,0.179233491420746
1.19200003147125,1788,0.17563259601593
1.19050002098084,1789,0.174373403191566
1.18949997425079,1790,0.173533022403717
1.18840003013611,1791,0.172607883810997
1.18819999694824,1792,0.172439560294151
1.19060003757477,1793,0.174457415938377
1.19120001792908,1794,0.174961224198341
1.19050002098084,1795,0.174373403191566
1.19229996204376,1796,0.175884187221527
1.18819999694824,1797,0.172439560294151
1.18599998950958,1798,0.170586287975311
1.19249999523163,1799,0.176051944494247
1.18990004062653,1800,0.173869296908379
1.20029997825623,1801,0.18257150053978
1.20280003547668,1802,0.18465219438076
1.20019996166229,1803,0.182488173246384
1.18879997730255,1804,0.172944381833076
1.19140005111694,1805,0.175129130482674
1.19200003147125,1806,0.17563259601593
1.18859994411469,1807,0.172776103019714
1.19420003890991,1808,0.177476540207863
1.20249998569489,1809,0.184402704238892
1.20449995994568,1810,0.186064511537552
1.21510004997253,1811,0.194826424121857
1.21969997882843,1812,0.198604911565781
1.21679997444153,1813,0.196224436163902
1.20790004730225,1814,0.188883349299431
1.20949995517731,1815,0.19020701944828
1.19840002059937,1816,0.180987358093262
1.20340001583099,1817,0.185150891542435
1.20150005817413,1818,0.183570832014084
1.20780003070831,1819,0.188800543546677
1.20299994945526,1820,0.184818401932716
1.21319997310638,1821,0.193261474370956
1.21389997005463,1822,0.19383829832077
1.21239995956421,1823,0.192601829767227
1.22580003738403,1824,0.203593716025352
1.22720003128052,1825,0.204735174775124
1.22160005569458,1826,0.200161516666412
1.21089994907379,1827,0.191363841295242
1.20910000801086,1828,0.189876288175583
1.21249997615814,1829,0.192684322595596
1.21070003509521,1830,0.191198736429214
1.21070003509521,1831,0.191198736429214
1.21060001850128,1832,0.191116124391556
1.22669994831085,1833,0.204327598214149
1.22739994525909,1834,0.204898059368134
1.23450005054474,1835,0.210666075348854
1.23259997367859,1836,0.209125742316246
1.23399996757507,1837,0.210260897874832
1.23730003833771,1838,0.212931618094444
1.24119997024536,1839,0.216078624129295
1.24639999866486,1840,0.22025939822197
1.25250005722046,1841,0.225141599774361
1.26240003108978,1842,0.233014702796936
1.2606999874115,1843,0.23166711628437
1.26440000534058,1844,0.234597712755203
1.2639000415802,1845,0.234202206134796
1.26839995384216,1846,0.237756222486496
1.27330005168915,1847,0.241612002253532
1.27199995517731,1848,0.240590423345566
1.27470004558563,1849,0.242710888385773
1.27989995479584,1850,0.246781915426254
1.28550004959106,1851,0.251147776842117
1.28880000114441,1852,0.253711551427841
1.28260004520416,1853,0.248889297246933
1.28170001506805,1854,0.248187333345413
1.27219998836517,1855,0.240747675299644
1.27950000762939,1856,0.246469378471375
1.27499997615814,1857,0.242946162819862
1.2849999666214,1858,0.250758677721024
1.28439998626709,1859,0.250291675329208
1.27470004558563,1860,0.242710888385773
1.27769994735718,1861,0.245061546564102
1.27390003204346,1862,0.242083087563515
1.28680002689362,1863,0.252158522605896
1.2833000421524,1864,0.249434918165207
1.2824000120163,1865,0.248733326792717
1.29120004177094,1866,0.25557205080986
1.29530000686646,1867,0.258742332458496
1.28279995918274,1868,0.249045163393021
1.27989995479584,1869,0.246781915426254
1.26479995250702,1870,0.234913975000381
1.2635999917984,1871,0.233964785933495
1.25870001316071,1872,0.230079457163811
1.25740003585815,1873,0.229046121239662
1.26310002803803,1874,0.233569040894508
1.26160001754761,1875,0.232380777597427
1.26230001449585,1876,0.232935458421707
1.25769996643066,1877,0.229284629225731
1.25680005550385,1878,0.228568851947784
1.2664999961853,1879,0.236257180571556
1.25820004940033,1880,0.22968216240406
1.25220000743866,1881,0.224902004003525
1.25539994239807,1882,0.227454200387001
1.25890004634857,1883,0.230238363146782
1.2532000541687,1884,0.225700318813324
1.25339996814728,1885,0.225859835743904
1.27789998054504,1886,0.245218083262444
1.27929997444153,1887,0.246313035488129
1.27260005474091,1888,0.241062089800835
1.27569997310638,1889,0.243495032191277
1.28219997882843,1890,0.24857734143734
1.27509999275208,1891,0.243024602532387
1.27540004253387,1892,0.243259891867638
1.27059996128082,1893,0.239489197731018
1.26730000972748,1894,0.236888661980629
1.26409995555878,1895,0.234360367059708
1.2529000043869,1896,0.2254608720541
1.25,1897,0.223143547773361
1.25600004196167,1898,0.227932095527649
1.2639000415802,1899,0.234202206134796
1.26839995384216,1900,0.237756222486496
1.26300001144409,1901,0.233489856123924
1.25759994983673,1902,0.229205101728439
1.26279997825623,1903,0.233331456780434
1.27320003509521,1904,0.241533443331718
1.27479994297028,1905,0.242789253592491
1.27639997005463,1906,0.244043588638306
1.27779996395111,1907,0.245139822363853
1.27980005741119,1908,0.246703863143921
1.27789998054504,1909,0.245218083262444
1.28939998149872,1910,0.25417697429657
1.28670001029968,1911,0.252080798149109
1.28390002250671,1912,0.249902337789536
1.28880000114441,1913,0.253711551427841
1.27649998664856,1914,0.244121953845024
1.27569997310638,1915,0.243495032191277
1.27349996566772,1916,0.24176898598671
1.27880001068115,1917,0.245922148227692
1.28639996051788,1918,0.251847594976425
1.28699994087219,1919,0.252313882112503
1.28100001811981,1920,0.247641041874886
1.29139995574951,1921,0.255726873874664
1.2804000377655,1922,0.247172564268112
1.27939999103546,1923,0.246391206979752
1.27600002288818,1924,0.243730202317238
1.27670001983643,1925,0.244278639554977
1.27839994430542,1926,0.245609253644943
1.27680003643036,1927,0.244356974959373
1.28250002861023,1928,0.248811319470406
1.27929997444153,1929,0.246313035488129
1.2833000421524,1930,0.249434918165207
1.28100001811981,1931,0.247641041874886
1.27869999408722,1932,0.245843932032585
1.27569997310638,1933,0.243495032191277
1.26730000972748,1934,0.236888661980629
1.26989996433258,1935,0.238938122987747
1.26929998397827,1936,0.238465547561645
1.27079999446869,1937,0.23964661359787
1.27359998226166,1938,0.241847515106201
1.26479995250702,1939,0.234913975000381
1.26709997653961,1940,0.236730799078941
1.26830005645752,1941,0.237677469849586
1.27009999752045,1942,0.239095628261566
1.27300000190735,1943,0.241376325488091
1.27960002422333,1944,0.246547549962997
1.27470004558563,1945,0.242710888385773
1.26870000362396,1946,0.237992763519287
1.26989996433258,1947,0.238938122987747
1.269700050354,1948,0.238780692219734
1.26870000362396,1949,0.237992763519287
1.27439999580383,1950,0.242475479841232
1.27269995212555,1951,0.241140589118004
1.26870000362396,1952,0.237992763519287
1.26870000362396,1953,0.237992763519287
1.25999999046326,1954,0.231111720204353
1.25409996509552,1955,0.226418152451515
1.25469994544983,1956,0.226896449923515
1.25370001792908,1957,0.226099193096161
1.25020003318787,1958,0.223303571343422
1.25179994106293,1959,0.224582463502884
1.25639998912811,1960,0.228250473737717
1.25160002708435,1961,0.224422752857208
1.25940001010895,1962,0.230635419487953
1.26129996776581,1963,0.23214291036129
1.25440001487732,1964,0.226657375693321
1.25650000572205,1965,0.228330075740814
1.25909996032715,1966,0.230397149920464
1.26689994335175,1967,0.236572921276093
1.27250003814697,1968,0.240983501076698
1.2717000246048,1969,0.240354612469673
1.27730000019073,1970,0.244748473167419
1.27709996700287,1971,0.244591861963272
1.27799999713898,1972,0.245296359062195
1.27049994468689,1973,0.239410474896431
1.27149999141693,1974,0.24019730091095
1.28059995174408,1975,0.24732868373394
1.2775000333786,1976,0.244905069470406
1.28349995613098,1977,0.249590680003166
1.28610002994537,1978,0.251614391803741
1.28100001811981,1979,0.247641041874886
1.28120005130768,1980,0.247797176241875
1.28079998493195,1981,0.247484877705574
1.28079998493195,1982,0.247484877705574
1.28229999542236,1983,0.248655334115028
1.28100001811981,1984,0.247641041874886
1.2824000120163,1985,0.248733326792717
1.292799949646,1986,0.256810367107391
1.30809998512268,1987,0.268575698137283
1.31200003623962,1988,0.271552711725235
1.31620001792908,1989,0.274748802185059
1.31459999084473,1990,0.273532420396805
1.3260999917984,1991,0.282242298126221
1.33159995079041,1992,0.286381185054779
1.33270001411438,1993,0.28720697760582
1.33270001411438,1994,0.28720697760582
1.33070003986359,1995,0.285705149173737
1.32959997653961,1996,0.284878134727478
1.32149994373322,1997,0.27876740694046
1.32229995727539,1998,0.279372602701187
1.32330000400543,1999,0.280128628015518
1.32149994373322,2000,0.27876740694046
1.3173999786377,2001,0.275660067796707
1.30949997901917,2002,0.269645363092422
1.30729997158051,2003,0.267963916063309
1.31939995288849,2004,0.277177065610886
1.3183000087738,2005,0.276343047618866
1.31749999523163,2006,0.275736004114151
1.31309998035431,2007,0.272390753030777
1.31319999694824,2008,0.272466897964478
1.3125,2009,0.271933704614639
1.31579995155334,2010,0.274444818496704
1.31970000267029,2011,0.277404427528381
1.32860004901886,2012,0.284125804901123
1.31690001487732,2013,0.275280505418777
1.30939996242523,2014,0.269568979740143
1.30050003528595,2015,0.262748837471008
1.30229997634888,2016,0.264131903648376
1.29949998855591,2017,0.261979579925537
1.2940000295639,2018,0.25773823261261
1.29040002822876,2019,0.254952281713486
1.29260003566742,2020,0.256655722856522
1.29180002212524,2021,0.25603660941124
1.29480004310608,2022,0.258356273174286
1.29419994354248,2023,0.257892698049545
1.29680001735687,2024,0.259899705648422
1.2956999540329,2025,0.25905105471611
1.30250000953674,2026,0.264285504817963
1.29639995098114,2027,0.259591162204742
1.29799997806549,2028,0.260824590921402
1.29089999198914,2029,0.255339652299881
1.29480004310608,2030,0.258356273174286
1.29540002346039,2031,0.258819550275803
1.29980003833771,2032,0.262210428714752
1.30209994316101,2033,0.26397830247879
1.2960000038147,2034,0.25928258895874
1.29330003261566,2035,0.257197111845016
1.29690003395081,2036,0.259976834058762
1.30200004577637,2037,0.263901591300964
1.30340003967285,2038,0.264976263046265
1.30050003528595,2039,0.262748837471008
1.29620003700256,2040,0.259436935186386
1.30239999294281,2041,0.26420870423317
1.31260001659393,2042,0.272009909152985
1.31400001049042,2043,0.273075938224792
1.31369996070862,2044,0.272847563028336
1.31340003013611,2045,0.272619217634201
1.31260001659393,2046,0.272009909152985
1.31340003013611,2047,0.272619217634201
1.31640005111694,2048,0.274900764226913
1.31589996814728,2049,0.274520814418793
1.32459998130798,2050,0.281110525131226
1.32299995422363,2051,0.27990186214447
1.31729996204376,2052,0.275584161281586
1.31819999217987,2053,0.276267170906067
1.30939996242523,2054,0.269568979740143
1.31079995632172,2055,0.270637601613998
1.31480002403259,2056,0.273684591054916
1.31289994716644,2057,0.272238403558731
1.31180000305176,2058,0.2714002430439
1.3186000585556,2059,0.276570618152618
1.31990003585815,2060,0.277556002140045
1.32270002365112,2061,0.279675126075745
1.32490003108978,2062,0.281337022781372
1.33070003986359,2063,0.285705149173737
1.32990002632141,2064,0.285103768110275
1.32910001277924,2065,0.284502029418945
1.33050000667572,2066,0.285554826259613
1.33589994907379,2067,0.289605170488358
1.33019995689392,2068,0.285329282283783
1.33360004425049,2069,0.287882089614868
1.33570003509521,2070,0.289455533027649
1.33309996128082,2071,0.287507027387619
1.33360004425049,2072,0.287882089614868
1.33739995956421,2073,0.290727406740189
1.33739995956421,2074,0.290727406740189
1.33630001544952,2075,0.289904624223709
1.33640003204346,2076,0.289979457855225
1.3425999879837,2077,0.294608026742935
1.33800005912781,2078,0.291175991296768
1.33669996261597,2079,0.290203869342804
1.34360003471375,2080,0.295352607965469
1.34360003471375,2081,0.295352607965469
1.34839999675751,2082,0.298918694257736
1.35179996490479,2083,0.301437020301819
1.35500001907349,2084,0.303801476955414
1.35689997673035,2085,0.305202662944794
1.35739994049072,2086,0.305571049451828
1.36049997806549,2087,0.307852268218994
1.36010003089905,2088,0.307558238506317
1.35800004005432,2089,0.30601304769516
1.36220002174377,2090,0.309101045131683
1.36469995975494,2091,0.310934603214264
1.35899996757507,2092,0.306749105453491
1.36249995231628,2093,0.309321224689484
1.36600005626678,2094,0.311886817216873
1.36000001430511,2095,0.307484716176987
1.35979998111725,2096,0.307337611913681
1.35660004615784,2097,0.304981589317322
1.35870003700256,2098,0.306528389453888
1.36160004138947,2099,0.308660507202148
1.35319995880127,2100,0.302472114562988
1.35490000247955,2101,0.303727656602859
1.35119998455048,2102,0.300993084907532
1.35189998149872,2103,0.301510989665985
1.35440003871918,2104,0.30335858464241
1.36029994487762,2105,0.307705223560333
1.35220003128052,2106,0.301732927560806
1.34940004348755,2107,0.299660086631775
1.35109996795654,2108,0.300919055938721
1.34570002555847,2109,0.296914339065552
1.34640002250671,2110,0.297434389591217
1.34819996356964,2111,0.29877033829689
1.3429000377655,2112,0.294831484556198
1.34519994258881,2113,0.296542644500732
1.34829998016357,2114,0.298844516277313
1.34189999103546,2115,0.294086515903473
1.34529995918274,2116,0.29661700129509
1.34399998188019,2117,0.295650213956833
1.34879994392395,2118,0.299215257167816
1.35259997844696,2119,0.302028656005859
1.34920001029968,2120,0.299511820077896
1.34560000896454,2121,0.296840012073517
1.33589994907379,2122,0.289605170488358
1.33589994907379,2123,0.289605170488358
1.33249998092651,2124,0.287056863307953
1.32949995994568,2125,0.284802913665771
1.33109998703003,2126,0.286005645990372
1.33650004863739,2127,0.29005429148674
1.34010004997253,2128,0.292744278907776
1.34159994125366,2129,0.293862879276276
1.3425999879837,2130,0.294608026742935
1.33990001678467,2131,0.292594999074936
1.34379994869232,2132,0.295501381158829
1.34500002861023,2133,0.296394020318985
1.34679996967316,2134,0.297731399536133
1.34329998493195,2135,0.295129269361496
1.34660005569458,2136,0.297582924365997
1.35199999809265,2137,0.301584988832474
1.36269998550415,2138,0.309468001127243
1.36150002479553,2139,0.308587044477463
1.35920000076294,2140,0.306896299123764
1.36259996891022,2141,0.309394627809525
1.36230003833771,2142,0.309174478054047
1.37139999866486,2143,0.315832108259201
1.37569999694824,2144,0.318962693214416
1.3775999546051,2145,0.320342808961868
1.37880003452301,2146,0.321213573217392
1.37849998474121,2147,0.320995926856995
1.3782000541687,2148,0.320778340101242
1.3808000087738,2149,0.32266303896904
1.3811000585556,2150,0.322880327701569
1.3831000328064,2151,0.324327379465103
1.38170003890991,2152,0.323314666748047
1.38240003585815,2153,0.323821157217026
1.37109994888306,2154,0.315613299608231
1.37300002574921,2155,0.316998153924942
1.36469995975494,2156,0.310934603214264
1.36810004711151,2157,0.313422948122025
1.37109994888306,2158,0.315613299608231
1.36819994449615,2159,0.313495963811874
1.36930000782013,2160,0.314299672842026
1.37849998474121,2161,0.320995926856995
1.37890005111694,2162,0.321286112070084
1.3746999502182,2163,0.318235486745834
1.3808000087738,2164,0.32266303896904
1.3701000213623,2165,0.31488373875618
1.36860001087189,2166,0.313788324594498
1.36240005493164,2167,0.309247881174088
1.35810005664825,2168,0.306086719036102
1.34790003299713,2169,0.298547863960266
1.34019994735718,2170,0.292818814516068
1.34920001029968,2171,0.299511820077896
1.34679996967316,2172,0.297731399536133
1.34829998016357,2173,0.298844516277313
1.35350000858307,2174,0.302693843841553
1.35599994659424,2175,0.304539144039154
1.36450004577637,2176,0.310788094997406
1.36450004577637,2177,0.310788094997406
1.36259996891022,2178,0.309394627809525
1.36749994754791,2179,0.312984228134155
1.36479997634888,2180,0.311007887125015
1.36409997940063,2181,0.310494869947433
1.36409997940063,2182,0.310494869947433
1.36059999465942,2183,0.307925760746002
1.3668999671936,2184,0.312545388936996
1.36969995498657,2185,0.314591705799103
1.37720000743866,2186,0.320052444934845
1.37940001487732,2187,0.321648627519608
1.38370001316071,2188,0.324761092662811
1.39040005207062,2189,0.329591512680054
1.38849997520447,2190,0.328224003314972
1.38479995727539,2191,0.325555682182312
1.3860000371933,2192,0.326421916484833
1.38689994812012,2193,0.327071011066437
1.39499998092651,2194,0.332894414663315
1.40919995307922,2195,0.343022137880325
1.40760004520416,2196,0.341886162757874
1.40859997272491,2197,0.342596292495728
1.41279995441437,2198,0.345573514699936
1.41260004043579,2199,0.345432013273239
1.41380000114441,2200,0.346281111240387
1.42190003395081,2201,0.351994037628174
1.42289996147156,2202,0.352697014808655
1.41630005836487,2203,0.348047882318497
1.41349995136261,2204,0.346068859100342
1.41279995441437,2205,0.345573514699936
1.41540002822876,2206,0.347412198781967
1.41540002822876,2207,0.347412198781967
1.40919995307922,2208,0.343022137880325
1.41569995880127,2209,0.347624093294144
1.42279994487762,2210,0.352626711130142
1.41680002212524,2211,0.348400831222534
1.42159998416901,2212,0.351782977581024
1.41649997234344,2213,0.348189026117325
1.42079997062683,2214,0.351220071315765
1.42910003662109,2215,0.357044905424118
1.42630004882813,2216,0.355083703994751
1.41380000114441,2217,0.346281111240387
1.42480003833771,2218,0.354031473398209
1.42369997501373,2219,0.353259086608887
1.42990005016327,2220,0.357604533433914
1.43900001049042,2221,0.363948434591293
1.44050002098084,2222,0.364990293979645
1.4423999786377,2223,0.366308391094208
1.44679999351501,2224,0.369354218244553
1.44350004196167,2225,0.367070734500885
1.44809997081757,2226,0.370252341032028
1.44690001010895,2227,0.36942332983017
1.45550000667572,2228,0.37534949183464
1.4666999578476,2229,0.38301494717598
1.46909999847412,2230,0.384649962186813
1.46650004386902,2231,0.382878631353378
1.45980000495911,2232,0.378299444913864
1.46700000762939,2233,0.383219510316849
1.46389997005463,2234,0.381104081869125
1.46519994735718,2235,0.38199171423912
1.46580004692078,2236,0.382401198148727
1.47870004177094,2237,0.391163349151611
1.48290002346039,2238,0.393999636173248
1.48290002346039,2239,0.393999636173248
1.48249995708466,2240,0.393729835748672
1.48619997501373,2241,0.396222501993179
1.48169994354248,2242,0.393190026283264
1.47500002384186,2243,0.38865801692009
1.47660005092621,2244,0.389742195606232
1.46879994869232,2245,0.384445697069168
1.46570003032684,2246,0.38233295083046
1.47590005397797,2247,0.389268010854721
1.46659994125366,2248,0.382946759462357
1.46379995346069,2249,0.381035774946213
1.46640002727509,2250,0.382810443639755
1.47140002250671,2251,0.386214345693588
1.47019994258881,2252,0.385398417711258
1.47019994258881,2253,0.385398417711258
1.45910000801086,2254,0.377819806337357
1.4433000087738,2255,0.366932153701782
1.43690001964569,2256,0.362488031387329
1.43920004367828,2257,0.36408743262291
1.43439996242523,2258,0.360746622085571
1.43529999256134,2259,0.361373871564865
1.43610000610352,2260,0.36193111538887
1.44089996814728,2261,0.365267902612686
1.45000004768372,2262,0.371563583612442
1.46010005474091,2263,0.37850496172905
1.47179996967316,2264,0.386486113071442
1.46029996871948,2265,0.378641873598099
1.47379994392395,2266,0.387844055891037
1.47360002994537,2267,0.387708395719528
1.478600025177,2268,0.391095697879791
1.46840000152588,2269,0.384173363447189
1.47169995307922,2270,0.386418163776398
1.46630001068115,2271,0.38274222612381
1.47399997711182,2272,0.387979775667191
1.47870004177094,2273,0.391163349151611
1.48769998550415,2274,0.39723128080368
1.48420000076294,2275,0.394875913858414
1.46430003643036,2276,0.381377339363098
1.46899998188019,2277,0.38458189368248
1.46159994602203,2278,0.379531681537628
1.46089994907379,2279,0.379052639007568
1.45739996433258,2280,0.376653999090195
1.47370004653931,2281,0.387776285409927
1.46730005741119,2282,0.383424013853073
1.47889995574951,2283,0.391298532485962
1.47669994831085,2284,0.389809846878052
1.47819995880127,2285,0.390825092792511
1.48409998416901,2286,0.394808530807495
1.48510003089905,2287,0.395482122898102
1.4831999540329,2288,0.394201874732971
1.46379995346069,2289,0.381035774946213
1.4646999835968,2290,0.381650418043137
1.44949996471405,2291,0.371218651533127
1.45050001144409,2292,0.371908336877823
1.45060002803803,2293,0.371977269649506
1.4592000246048,2294,0.377888351678848
1.4569000005722,2295,0.376310884952545
1.46350002288818,2296,0.380830854177475
1.46739995479584,2297,0.383492082357407
1.47420001029968,2298,0.388115465641022
1.46630001068115,2299,0.38274222612381
1.48129999637604,2300,0.392920076847076
1.48249995708466,2301,0.393729835748672
1.48220002651215,2302,0.39352747797966
1.48889994621277,2303,0.398037552833557
1.51320004463196,2304,0.414226651191711
1.51719999313355,2305,0.416866540908814
1.51870000362396,2306,0.417854696512222
1.51950001716614,2307,0.418381333351135
1.52100002765656,2308,0.419368028640747
1.52820003032684,2309,0.424090594053268
1.53559994697571,2310,0.428921163082123
1.5333000421524,2311,0.427422314882278
1.53690004348755,2312,0.429767429828644
1.53289997577667,2313,0.427161335945129
1.54949998855591,2314,0.437932282686234
1.55840003490448,2315,0.443659663200378
1.56040000915527,2316,0.444942206144333
1.57650005817413,2317,0.455207228660584
1.57840001583099,2318,0.456411689519882
1.56420004367828,2319,0.447374552488327
1.54170000553131,2320,0.432885706424713
1.54470002651215,2321,0.434829741716385
1.53939998149872,2322,0.431392729282379
1.55949997901917,2323,0.444365233182907
1.5760999917984,2324,0.45495343208313
1.57980000972748,2325,0.457298249006271
1.57589995861053,2326,0.454826503992081
1.58050000667572,2327,0.457741260528564
1.56149995326996,2328,0.44564688205719
1.56180000305176,2329,0.445839017629623
1.56669998168945,2330,0.448971480131149
1.5735000371933,2331,0.453302472829819
1.57130002975464,2332,0.451903313398361
1.57050001621246,2333,0.4513940513134
1.58039999008179,2334,0.457677960395813
1.57439994812012,2335,0.453874200582504
1.57959997653961,2336,0.457171648740768
1.58270001411438,2337,0.459132254123688
1.58010005950928,2338,0.457488179206848
1.5978000164032,2339,0.468627691268921
1.59239995479584,2340,0.465242296457291
1.57420003414154,2341,0.453747242689133
1.58809995651245,2342,0.462538301944733
1.60099995136261,2343,0.470628410577774
1.58980000019074,2344,0.463608235120773
1.56679999828339,2345,0.449035316705704
1.56340003013611,2346,0.44686296582222
1.56480002403259,2347,0.447758048772812
1.56040000915527,2348,0.444942206144333
1.55680000782013,2349,0.442632436752319
1.54579997062683,2350,0.435541570186615
1.5430999994278,2351,0.433793365955353
1.54910004138947,2352,0.437674134969711
1.55480003356934,2353,0.441346943378449
1.53699994087219,2354,0.429832428693771
1.54089999198914,2355,0.432366669178009
